[{"virtual_rental_type_id": 2, "car_plate": "EZ092TY", "virtual_rental_id": 361712, "car_category_id": 8, "car_category_type_id": 1, "lon": 7.6643634, "carModelData": [], "car_name": "Fiat 500", "onClick_disabled": false, "address": "Via Ponderano, 33, 10149 Torino", "lat": 45.097595, "fuel_level": 33}, {"virtual_rental_type_id": 2, "car_plate": "EZ193TY", "virtual_rental_id": 388089, "car_category_id": 8, "car_category_type_id": 1, "lon": 7.6975856, "carModelData": [], "car_name": "Fiat 500", "onClick_disabled": false, "address": "Via Sandro Botticelli, 17, 10155 Torino", "lat": 45.102898, "fuel_level": 97}, {"virtual_rental_type_id": 2, "car_plate": "EZ128TY", "virtual_rental_id": 326605, "car_category_id": 8, "car_category_type_id": 1, "lon": 7.696312, "carModelData": [], "car_name": "Fiat 500", "onClick_disabled": false, "address": "Via Luigi Boccherini, 9, 10155 Torino", "lat": 45.100166, "fuel_level": 92}, {"virtual_rental_type_id": 2, "car_plate": "EZ182TY", "virtual_rental_id": 391038, "car_category_id": 8, "car_category_type_id": 1, "lon": 7.6893826, "carModelData": [], "car_name": "Fiat 500", "onClick_disabled": false, "address": "Via Ceresole, 32-34, 10155 Torino", "lat": 45.095436, "fuel_level": 28}, {"virtual_rental_type_id": 2, "car_plate": "EZ195TY", "virtual_rental_id": 398403, "car_category_id": 8, "car_category_type_id": 1, "lon": 7.623968, "carModelData": [], "car_name": "Fiat 500", "onClick_disabled": false, "address": "Corso Filippo Brunelleschi, 1A, 10141 Torino", "lat": 45.073853, "fuel_level": 45}, {"virtual_rental_type_id": 2, "car_plate": "EZ147TY", "virtual_rental_id": 399807, "car_category_id": 8, "car_category_type_id": 1, "lon": 7.677907, "carModelData": [], "car_name": "Fiat 500", "onClick_disabled": false, "address": "Corso Regina Margherita, 137, 10122 Torino", "lat": 45.07844, "fuel_level": 81}, {"virtual_rental_type_id": 2, "car_plate": "EZ753DD", "virtual_rental_id": 331689, "car_category_id": 8, "car_category_type_id": 1, "lon": 7.6663194, "carModelData": [100], "car_name": "Fiat 500", "onClick_disabled": false, "address": "Piazza Vetta d'Italia, 1-5, 10149 Torino", "lat": 45.10093, "fuel_level": 73}, {"virtual_rental_type_id": 2, "car_plate": "EZ831DD", "virtual_rental_id": 422118, "car_category_id": 8, "car_category_type_id": 1, "lon": 7.678176, "carModelData": [100], "car_name": "Fiat 500", "onClick_disabled": false, "address": "Via Valerio Lorenzo, 2-6, 10122 Torino", "lat": 45.076736, "fuel_level": 25}, {"virtual_rental_type_id": 2, "car_plate": "EZ783DD", "virtual_rental_id": 408414, "car_category_id": 8, "car_category_type_id": 1, "lon": 7.6937656, "carModelData": [100], "car_name": "Fiat 500", "onClick_disabled": false, "address": "Via Bairo, 2-8, 10155 Torino", "lat": 45.098125, "fuel_level": 67}, {"virtual_rental_type_id": 2, "car_plate": "EZ054TY", "virtual_rental_id": 334063, "car_category_id": 8, "car_category_type_id": 1, "lon": 7.637175, "carModelData": [], "car_name": "Fiat 500", "onClick_disabled": false, "address": "Via Carso, 1886, 10141 Torino", "lat": 45.06131, "fuel_level": 80}, {"virtual_rental_type_id": 2, "car_plate": "EZ017TY", "virtual_rental_id": 431567, "car_category_id": 8, "car_category_type_id": 1, "lon": 7.6938605, "carModelData": [], "car_name": "Fiat 500", "onClick_disabled": false, "address": "Via Arturo Toscanini, 16-18, 10155 Torino", "lat": 45.10191, "fuel_level": 44}, {"virtual_rental_type_id": 2, "car_plate": "EZ055TY", "virtual_rental_id": 430787, "car_category_id": 8, "car_category_type_id": 1, "lon": 7.6333065, "carModelData": [], "car_name": "Fiat 500", "onClick_disabled": false, "address": "Corso Monte Cucco, 61B, 10141 Torino", "lat": 45.06965, "fuel_level": 93}, {"virtual_rental_type_id": 2, "car_plate": "EZ046TY", "virtual_rental_id": 357219, "car_category_id": 8, "car_category_type_id": 1, "lon": 7.6733136, "carModelData": [], "car_name": "Fiat 500", "onClick_disabled": false, "address": "Corso Benedetto Brin, 14, 10149 Torino", "lat": 45.09315, "fuel_level": 44}, {"virtual_rental_type_id": 2, "car_plate": "EZ028TY", "virtual_rental_id": 335751, "car_category_id": 8, "car_category_type_id": 1, "lon": 7.667599, "carModelData": [], "car_name": "Fiat 500", "onClick_disabled": false, "address": "Via Ventimiglia, 161-165, 10127 Torino", "lat": 45.022747, "fuel_level": 25}, {"virtual_rental_type_id": 2, "car_plate": "EZ049TY", "virtual_rental_id": 308205, "car_category_id": 8, "car_category_type_id": 1, "lon": 7.6652164, "carModelData": [], "car_name": "Fiat 500", "onClick_disabled": false, "address": "Via Ventimiglia, 228, 10127 Torino", "lat": 45.01731, "fuel_level": 57}, {"virtual_rental_type_id": 2, "car_plate": "EZ029TY", "virtual_rental_id": 347821, "car_category_id": 8, "car_category_type_id": 1, "lon": 7.6513677, "carModelData": [], "car_name": "Fiat 500", "onClick_disabled": false, "address": "Via Candiolo, 61-69, 10127 Torino", "lat": 45.015297, "fuel_level": 27}, {"virtual_rental_type_id": 2, "car_plate": "EZ138TY", "virtual_rental_id": 339281, "car_category_id": 8, "car_category_type_id": 1, "lon": 7.6803, "carModelData": [], "car_name": "Fiat 500", "onClick_disabled": false, "address": "Corso Sicilia, 55, 10133 Torino", "lat": 45.03782, "fuel_level": 25}, {"virtual_rental_type_id": 2, "car_plate": "EZ121TY", "virtual_rental_id": 411035, "car_category_id": 8, "car_category_type_id": 1, "lon": 7.6407976, "carModelData": [], "car_name": "Fiat 500", "onClick_disabled": false, "address": "Corso Carlo e Nello Rosselli, 204, 10141 Torino", "lat": 45.05674, "fuel_level": 77}, {"virtual_rental_type_id": 2, "car_plate": "EZ124TY", "virtual_rental_id": 321489, "car_category_id": 8, "car_category_type_id": 1, "lon": 7.622189, "carModelData": [], "car_name": "Fiat 500", "onClick_disabled": false, "address": "Via Fidia, 10141 Torino", "lat": 45.074005, "fuel_level": 98}, {"virtual_rental_type_id": 2, "car_plate": "EZ137GW", "virtual_rental_id": 431157, "car_category_id": 8, "car_category_type_id": 1, "lon": 7.6292257, "carModelData": [100], "car_name": "Fiat 500", "onClick_disabled": false, "address": "Via Pietro Frattini, 1-5, 10137 Torino", "lat": 45.036304, "fuel_level": 40}, {"virtual_rental_type_id": 2, "car_plate": "EZ835DF", "virtual_rental_id": 401830, "car_category_id": 8, "car_category_type_id": 1, "lon": 7.6703153, "carModelData": [100], "car_name": "Fiat 500", "onClick_disabled": false, "address": "Via Vincenzo Gioberti, 73, 10128 Torino", "lat": 45.056168, "fuel_level": 11}, {"virtual_rental_type_id": 2, "car_plate": "EZ236GW", "virtual_rental_id": 367866, "car_category_id": 8, "car_category_type_id": 1, "lon": 7.691125, "carModelData": [100], "car_name": "Fiat 500", "onClick_disabled": false, "address": "Via Sempione, 72, 10155 Torino", "lat": 45.099533, "fuel_level": 37}, {"virtual_rental_type_id": 2, "car_plate": "EZ786DF", "virtual_rental_id": 325782, "car_category_id": 8, "car_category_type_id": 1, "lon": 7.6933756, "carModelData": [100], "car_name": "Fiat 500", "onClick_disabled": false, "address": "Via Bairo, 8, 10155 Torino", "lat": 45.09835, "fuel_level": 73}, {"virtual_rental_type_id": 2, "car_plate": "EZ910DF", "virtual_rental_id": 414193, "car_category_id": 8, "car_category_type_id": 1, "lon": 7.702506, "carModelData": [100], "car_name": "Fiat 500", "onClick_disabled": false, "address": "Corso Carlo Luigi Farini, 26, 10153 Torino", "lat": 45.072384, "fuel_level": 65}, {"virtual_rental_type_id": 2, "car_plate": "EZ195GW", "virtual_rental_id": 367862, "car_category_id": 8, "car_category_type_id": 1, "lon": 7.7085447, "carModelData": [100], "car_name": "Fiat 500", "onClick_disabled": false, "address": "Via Sandro Botticelli, 86A, 10154 Torino", "lat": 45.099503, "fuel_level": 41}, {"virtual_rental_type_id": 2, "car_plate": "EZ157TY", "virtual_rental_id": 414174, "car_category_id": 8, "car_category_type_id": 1, "lon": 7.6210628, "carModelData": [], "car_name": "Fiat 500", "onClick_disabled": false, "address": "Via Coni Zugna, 20, 10135 Torino", "lat": 45.017582, "fuel_level": 34}, {"virtual_rental_type_id": 2, "car_plate": "EZ785DD", "virtual_rental_id": 386440, "car_category_id": 8, "car_category_type_id": 1, "lon": 7.6988664, "carModelData": [100], "car_name": "Fiat 500", "onClick_disabled": false, "address": "Via Sandro Botticelli, 33, 10155 Torino", "lat": 45.102375, "fuel_level": 100}, {"virtual_rental_type_id": 2, "car_plate": "EZ809DD", "virtual_rental_id": 394540, "car_category_id": 8, "car_category_type_id": 1, "lon": 7.6727843, "carModelData": [100], "car_name": "Fiat 500", "onClick_disabled": false, "address": "Via Prospero Richelmy, 27-35, 10126 Torino", "lat": 45.031715, "fuel_level": 36}, {"virtual_rental_type_id": 2, "car_plate": "EZ509DD", "virtual_rental_id": 330379, "car_category_id": 8, "car_category_type_id": 1, "lon": 7.7260494, "carModelData": [100], "car_name": "Fiat 500", "onClick_disabled": false, "address": "Corso Casale, 209, 10132 Torino", "lat": 45.070286, "fuel_level": 10}, {"virtual_rental_type_id": 2, "car_plate": "EZ988DD", "virtual_rental_id": 366075, "car_category_id": 8, "car_category_type_id": 1, "lon": 7.656576, "carModelData": [100], "car_name": "Fiat 500", "onClick_disabled": false, "address": "Via Andrea del Sarto, 2-6, 10144 Torino", "lat": 45.083458, "fuel_level": 43}, {"virtual_rental_type_id": 2, "car_plate": "EZ110GW", "virtual_rental_id": 343000, "car_category_id": 8, "car_category_type_id": 1, "lon": 7.696511, "carModelData": [100], "car_name": "Fiat 500", "onClick_disabled": false, "address": "Via Sandro Botticelli, 3a, 10155 Torino", "lat": 45.103203, "fuel_level": 25}, {"virtual_rental_type_id": 2, "car_plate": "EZ256GW", "virtual_rental_id": 318387, "car_category_id": 8, "car_category_type_id": 1, "lon": 7.6396074, "carModelData": [100], "car_name": "Fiat 500", "onClick_disabled": false, "address": "Str. delle Cacce, 7, 10135 Torino", "lat": 45.01977, "fuel_level": 96}, {"virtual_rental_type_id": 2, "car_plate": "EZ207GW", "virtual_rental_id": 358197, "car_category_id": 8, "car_category_type_id": 1, "lon": 7.6440363, "carModelData": [100], "car_name": "Fiat 500", "onClick_disabled": false, "address": "Via Severino Casana, 21, 10135 Torino", "lat": 45.02724, "fuel_level": 84}, {"virtual_rental_type_id": 2, "car_plate": "EZ283GW", "virtual_rental_id": 421782, "car_category_id": 8, "car_category_type_id": 1, "lon": 7.654085, "carModelData": [100], "car_name": "Fiat 500", "onClick_disabled": false, "address": "Via Cormons, 72, 10127 Torino", "lat": 45.009453, "fuel_level": 100}, {"virtual_rental_type_id": 2, "car_plate": "EZ208GW", "virtual_rental_id": 338557, "car_category_id": 8, "car_category_type_id": 1, "lon": 7.6768346, "carModelData": [100], "car_name": "Fiat 500", "onClick_disabled": false, "address": "Via Conte di Roccavione, 86-94, 10147 Torino", "lat": 45.1027, "fuel_level": 24}, {"virtual_rental_type_id": 2, "car_plate": "EZ227GW", "virtual_rental_id": 419488, "car_category_id": 8, "car_category_type_id": 1, "lon": 7.6401405, "carModelData": [100], "car_name": "Fiat 500", "onClick_disabled": false, "address": "Corso Unione Sovietica, 363-369, 10135 Torino", "lat": 45.026787, "fuel_level": 36}, {"virtual_rental_type_id": 2, "car_plate": "EZ056TY", "virtual_rental_id": 429707, "car_category_id": 8, "car_category_type_id": 1, "lon": 7.656164, "carModelData": [], "car_name": "Fiat 500", "onClick_disabled": false, "address": "Corso Potenza, 72-76, 10149 Torino", "lat": 45.093822, "fuel_level": 36}, {"virtual_rental_type_id": 2, "car_plate": "EZ231GW", "virtual_rental_id": 406448, "car_category_id": 8, "car_category_type_id": 1, "lon": 7.657186, "carModelData": [100], "car_name": "Fiat 500", "onClick_disabled": false, "address": "Via Giordano Bruno, 167-169, 10134 Torino", "lat": 45.033936, "fuel_level": 20}, {"virtual_rental_type_id": 2, "car_plate": "EZ229GW", "virtual_rental_id": 421868, "car_category_id": 8, "car_category_type_id": 1, "lon": 7.674467, "carModelData": [100], "car_name": "Fiat 500", "onClick_disabled": false, "address": "Piazza Nizza, 46, 10126 Torino", "lat": 45.05166, "fuel_level": 28}, {"virtual_rental_type_id": 2, "car_plate": "EZ214GW", "virtual_rental_id": 336106, "car_category_id": 8, "car_category_type_id": 1, "lon": 7.699521, "carModelData": [100], "car_name": "Fiat 500", "onClick_disabled": false, "address": "Via degli Artisti, 29, 10124 Torino", "lat": 45.06771, "fuel_level": 33}, {"virtual_rental_type_id": 2, "car_plate": "EZ106GW", "virtual_rental_id": 420791, "car_category_id": 8, "car_category_type_id": 1, "lon": 7.691994, "carModelData": [100], "car_name": "Fiat 500", "onClick_disabled": false, "address": "Via Sesia, 25-27, 10155 Torino", "lat": 45.09017, "fuel_level": 55}, {"virtual_rental_type_id": 2, "car_plate": "EZ230GW", "virtual_rental_id": 379438, "car_category_id": 8, "car_category_type_id": 1, "lon": 7.716117, "carModelData": [100], "car_name": "Fiat 500", "onClick_disabled": false, "address": "Piazza Sofia, 13, 10154 Torino", "lat": 45.09496, "fuel_level": 69}, {"virtual_rental_type_id": 2, "car_plate": "EZ272GW", "virtual_rental_id": 309786, "car_category_id": 8, "car_category_type_id": 1, "lon": 7.62456, "carModelData": [100], "car_name": "Fiat 500", "onClick_disabled": false, "address": "Via Santa Maria Mazzarello, 34, 10142 Torino", "lat": 45.062714, "fuel_level": 45}, {"virtual_rental_type_id": 2, "car_plate": "EZ012TY", "virtual_rental_id": 324839, "car_category_id": 8, "car_category_type_id": 1, "lon": 7.6701794, "carModelData": [], "car_name": "Fiat 500", "onClick_disabled": false, "address": "Corso Filippo Turati, 13/t, 10128 Torino", "lat": 45.053722, "fuel_level": 50}, {"virtual_rental_type_id": 2, "car_plate": "EZ004TY", "virtual_rental_id": 328816, "car_category_id": 8, "car_category_type_id": 1, "lon": 11.160047, "carModelData": [], "car_name": "Fiat 500", "onClick_disabled": false, "address": "Via Mollaia, 5472, 50019 Sesto Fiorentino FI", "lat": 43.831993, "fuel_level": 4}, {"virtual_rental_type_id": 2, "car_plate": "EZ077TY", "virtual_rental_id": 386244, "car_category_id": 8, "car_category_type_id": 1, "lon": 7.6243696, "carModelData": [], "car_name": "Fiat 500", "onClick_disabled": false, "address": "Via Santa Maria Mazzarello, 30-32, 10142 Torino", "lat": 45.062904, "fuel_level": 3}, {"virtual_rental_type_id": 2, "car_plate": "EZ227TY", "virtual_rental_id": 328469, "car_category_id": 8, "car_category_type_id": 1, "lon": 7.655794, "carModelData": [], "car_name": "Fiat 500", "onClick_disabled": false, "address": "Corso Alessandro Tassoni, 52, 10144 Torino", "lat": 45.08336, "fuel_level": 9}, {"virtual_rental_type_id": 2, "car_plate": "EZ014TY", "virtual_rental_id": 414404, "car_category_id": 8, "car_category_type_id": 1, "lon": 7.654166, "carModelData": [], "car_name": "Fiat 500", "onClick_disabled": false, "address": "Via Cormons, 73, 10127 Torino", "lat": 45.00954, "fuel_level": 68}, {"virtual_rental_type_id": 2, "car_plate": "EZ800DD", "virtual_rental_id": 382886, "car_category_id": 8, "car_category_type_id": 1, "lon": 7.7224236, "carModelData": [100], "car_name": "Fiat 500", "onClick_disabled": false, "address": "Corso Cadore 20, 10153 Torino", "lat": 45.07543, "fuel_level": 24}, {"virtual_rental_type_id": 2, "car_plate": "EZ994DD", "virtual_rental_id": 309713, "car_category_id": 8, "car_category_type_id": 1, "lon": 7.675666, "carModelData": [100], "car_name": "Fiat 500", "onClick_disabled": false, "address": "Via Sassari, 18-20, 10152 Torino", "lat": 45.0828, "fuel_level": 51}, {"virtual_rental_type_id": 2, "car_plate": "EZ985DD", "virtual_rental_id": 413194, "car_category_id": 8, "car_category_type_id": 1, "lon": 7.682869, "carModelData": [100], "car_name": "Fiat 500", "onClick_disabled": false, "address": "Corso Vittorio Emanuele II, 44, 10123 Torino", "lat": 45.061523, "fuel_level": 52}, {"virtual_rental_type_id": 2, "car_plate": "EZ828DD", "virtual_rental_id": 435072, "car_category_id": 8, "car_category_type_id": 1, "lon": 7.6304593, "carModelData": [100], "car_name": "Fiat 500", "onClick_disabled": false, "address": "Corso Monte Cucco, 118, 10141 Torino", "lat": 45.064674, "fuel_level": 56}, {"virtual_rental_type_id": 2, "car_plate": "EZ995DD", "virtual_rental_id": 361363, "car_category_id": 8, "car_category_type_id": 1, "lon": 7.65548, "carModelData": [100], "car_name": "Fiat 500", "onClick_disabled": false, "address": "Corso Caio Plinio, 14, 10127 Torino", "lat": 45.025635, "fuel_level": 27}, {"virtual_rental_type_id": 2, "car_plate": "EZ162TY", "virtual_rental_id": 410318, "car_category_id": 8, "car_category_type_id": 1, "lon": 7.683711, "carModelData": [], "car_name": "Fiat 500", "onClick_disabled": false, "address": "Via Giuseppe Baretti, 33, 10125 Torino", "lat": 45.056744, "fuel_level": 60}, {"virtual_rental_type_id": 2, "car_plate": "EZ787DD", "virtual_rental_id": 386184, "car_category_id": 8, "car_category_type_id": 1, "lon": 7.6643825, "carModelData": [100], "car_name": "Fiat 500", "onClick_disabled": false, "address": "Via Genova, 222-228, 10127 Torino", "lat": 45.02006, "fuel_level": 87}, {"virtual_rental_type_id": 2, "car_plate": "EZ798DD", "virtual_rental_id": 396758, "car_category_id": 8, "car_category_type_id": 1, "lon": 7.62649, "carModelData": [100], "car_name": "Fiat 500", "onClick_disabled": false, "address": "Corso Filippo Brunelleschi, 127, 10141 Torino", "lat": 45.064594, "fuel_level": 60}, {"virtual_rental_type_id": 2, "car_plate": "EZ829DD", "virtual_rental_id": 358494, "car_category_id": 8, "car_category_type_id": 1, "lon": 7.693798, "carModelData": [100], "car_name": "Fiat 500", "onClick_disabled": false, "address": "Corso Moncalieri, 27, 10131 Torino", "lat": 45.0581, "fuel_level": 54}, {"virtual_rental_type_id": 2, "car_plate": "EZ821DD", "virtual_rental_id": 357904, "car_category_id": 8, "car_category_type_id": 1, "lon": 7.661285, "carModelData": [100], "car_name": "Fiat 500", "onClick_disabled": false, "address": "Via Fossano, 16, 10144 Torino", "lat": 45.0856, "fuel_level": 11}, {"virtual_rental_type_id": 2, "car_plate": "EZ530DD", "virtual_rental_id": 391630, "car_category_id": 8, "car_category_type_id": 1, "lon": 7.681288, "carModelData": [100], "car_name": "Fiat 500", "onClick_disabled": false, "address": "Corso Venezia, 29-31, 10147 Torino", "lat": 45.094513, "fuel_level": 80}, {"virtual_rental_type_id": 2, "car_plate": "EZ793DD", "virtual_rental_id": 416426, "car_category_id": 8, "car_category_type_id": 1, "lon": 7.723793, "carModelData": [100], "car_name": "Fiat 500", "onClick_disabled": false, "address": "Viale Suor Giovanna Francesca Michelotti, 10132 Torino", "lat": 45.07014, "fuel_level": 72}, {"virtual_rental_type_id": 2, "car_plate": "EZ990DD", "virtual_rental_id": 316100, "car_category_id": 8, "car_category_type_id": 1, "lon": 7.6462116, "carModelData": [100], "car_name": "Fiat 500", "onClick_disabled": false, "address": "Corso Lecce, 38, 10143 Torino", "lat": 45.079178, "fuel_level": 63}, {"virtual_rental_type_id": 2, "car_plate": "EZ834DD", "virtual_rental_id": 393673, "car_category_id": 8, "car_category_type_id": 1, "lon": 7.68302, "carModelData": [100], "car_name": "Fiat 500", "onClick_disabled": false, "address": "Corso Dante, 129, 10126 Torino", "lat": 45.045567, "fuel_level": 11}, {"virtual_rental_type_id": 2, "car_plate": "EZ770DD", "virtual_rental_id": 406437, "car_category_id": 8, "car_category_type_id": 1, "lon": 7.631542, "carModelData": [100], "car_name": "Fiat 500", "onClick_disabled": false, "address": "Via Arturo Farinelli, 26, 10135 Torino", "lat": 45.01521, "fuel_level": 66}, {"virtual_rental_type_id": 2, "car_plate": "EZ986DD", "virtual_rental_id": 351252, "car_category_id": 8, "car_category_type_id": 1, "lon": 7.698372, "carModelData": [100], "car_name": "Fiat 500", "onClick_disabled": false, "address": "Via Saverio Mercadante, 15C, 10154 Torino", "lat": 45.09002, "fuel_level": 12}, {"virtual_rental_type_id": 2, "car_plate": "EZ168TY", "virtual_rental_id": 323479, "car_category_id": 8, "car_category_type_id": 1, "lon": 7.627635, "carModelData": [], "car_name": "Fiat 500", "onClick_disabled": false, "address": "Corso Appio Claudio, 192, 10146 Torino", "lat": 45.08656, "fuel_level": 42}, {"virtual_rental_type_id": 2, "car_plate": "EZ180TY", "virtual_rental_id": 369920, "car_category_id": 8, "car_category_type_id": 1, "lon": 7.63831, "carModelData": [], "car_name": "Fiat 500", "onClick_disabled": false, "address": "Corso Monte Grappa, 82, 10145 Torino", "lat": 45.08131, "fuel_level": 98}, {"virtual_rental_type_id": 2, "car_plate": "EZ202GW", "virtual_rental_id": 388282, "car_category_id": 8, "car_category_type_id": 1, "lon": 7.6795325, "carModelData": [100], "car_name": "Fiat 500", "onClick_disabled": false, "address": "Corso Moncalieri, 298-300, 10133 Torino", "lat": 45.03335, "fuel_level": 53}, {"virtual_rental_type_id": 2, "car_plate": "EZ190TY", "virtual_rental_id": 433068, "car_category_id": 8, "car_category_type_id": 1, "lon": 7.6743374, "carModelData": [], "car_name": "Fiat 500", "onClick_disabled": false, "address": "Via Biella, 18A, 10152 Torino", "lat": 45.082623, "fuel_level": 36}, {"virtual_rental_type_id": 2, "car_plate": "EZ245GW", "virtual_rental_id": 406408, "car_category_id": 8, "car_category_type_id": 1, "lon": 7.6337557, "carModelData": [100], "car_name": "Fiat 500", "onClick_disabled": false, "address": "Via Carlo Capelli, 37, 10146 Torino", "lat": 45.07856, "fuel_level": 82}, {"virtual_rental_type_id": 2, "car_plate": "EZ234GW", "virtual_rental_id": 421620, "car_category_id": 8, "car_category_type_id": 1, "lon": 7.7179284, "carModelData": [100], "car_name": "Fiat 500", "onClick_disabled": false, "address": "Corso Casale, 141-153, 10132 Torino", "lat": 45.06885, "fuel_level": 65}, {"virtual_rental_type_id": 2, "car_plate": "EZ114GW", "virtual_rental_id": 350705, "car_category_id": 8, "car_category_type_id": 1, "lon": 7.6946254, "carModelData": [100], "car_name": "Fiat 500", "onClick_disabled": false, "address": "Via Giovanni Poggio, 36, 10155 Torino", "lat": 45.09918, "fuel_level": 65}, {"virtual_rental_type_id": 2, "car_plate": "EZ271GW", "virtual_rental_id": 395175, "car_category_id": 8, "car_category_type_id": 1, "lon": 7.6202874, "carModelData": [100], "car_name": "Fiat 500", "onClick_disabled": false, "address": "Via Pietro Cossa, 14, 10146 Torino", "lat": 45.07607, "fuel_level": 100}, {"virtual_rental_type_id": 2, "car_plate": "EZ247GW", "virtual_rental_id": 431556, "car_category_id": 8, "car_category_type_id": 1, "lon": 7.6333385, "carModelData": [100], "car_name": "Fiat 500", "onClick_disabled": false, "address": "Corso Sebastopoli, 288-294, 10136 Torino", "lat": 45.049397, "fuel_level": 16}, {"virtual_rental_type_id": 2, "car_plate": "EZ089TY", "virtual_rental_id": 375982, "car_category_id": 8, "car_category_type_id": 1, "lon": 7.699691, "carModelData": [], "car_name": "Fiat 500", "onClick_disabled": false, "address": "Via Giovanni Dupr\u00e8, 13, 10154 Torino", "lat": 45.093685, "fuel_level": 70}, {"virtual_rental_type_id": 2, "car_plate": "EZ039TY", "virtual_rental_id": 337921, "car_category_id": 8, "car_category_type_id": 1, "lon": 7.621937, "carModelData": [], "car_name": "Fiat 500", "onClick_disabled": false, "address": "Via Plava, 63, 10135 Torino", "lat": 45.017746, "fuel_level": 46}, {"virtual_rental_type_id": 2, "car_plate": "EZ095TY", "virtual_rental_id": 346466, "car_category_id": 8, "car_category_type_id": 1, "lon": 7.660647, "carModelData": [], "car_name": "Fiat 500", "onClick_disabled": false, "address": "Corso Potenza, 136, 10149 Torino", "lat": 45.100876, "fuel_level": 17}, {"virtual_rental_type_id": 2, "car_plate": "EZ059TY", "virtual_rental_id": 334978, "car_category_id": 8, "car_category_type_id": 1, "lon": 7.680698, "carModelData": [], "car_name": "Fiat 500", "onClick_disabled": false, "address": "Corso Monterotondo, 2, 10133 Torino", "lat": 45.040115, "fuel_level": 63}, {"virtual_rental_type_id": 2, "car_plate": "EZ183TY", "virtual_rental_id": 387348, "car_category_id": 8, "car_category_type_id": 1, "lon": 7.7144065, "carModelData": [], "car_name": "Fiat 500", "onClick_disabled": false, "address": "Via Sandro Botticelli, 217, 10154 Torino", "lat": 45.09642, "fuel_level": 66}, {"virtual_rental_type_id": 2, "car_plate": "EZ192TY", "virtual_rental_id": 404765, "car_category_id": 8, "car_category_type_id": 1, "lon": 7.636935, "carModelData": [], "car_name": "Fiat 500", "onClick_disabled": false, "address": "Via Gravere, 24-34, 10146 Torino", "lat": 45.082745, "fuel_level": 38}, {"virtual_rental_type_id": 2, "car_plate": "EZ084TY", "virtual_rental_id": 341896, "car_category_id": 8, "car_category_type_id": 1, "lon": 7.6361113, "carModelData": [], "car_name": "Fiat 500", "onClick_disabled": false, "address": "Via Timoteo Riboli, 10, 10135 Torino", "lat": 45.01557, "fuel_level": 60}, {"virtual_rental_type_id": 2, "car_plate": "EZ141TY", "virtual_rental_id": 318611, "car_category_id": 8, "car_category_type_id": 1, "lon": 7.6326375, "carModelData": [], "car_name": "Fiat 500", "onClick_disabled": false, "address": "Piazza Tommaso Campanella, 8, 10146 Torino", "lat": 45.08231, "fuel_level": 53}, {"virtual_rental_type_id": 2, "car_plate": "EZ228GW", "virtual_rental_id": 355580, "car_category_id": 8, "car_category_type_id": 1, "lon": 7.633397, "carModelData": [100], "car_name": "Fiat 500", "onClick_disabled": false, "address": "Via Bardonecchia, 117, 10139 Torino", "lat": 45.072186, "fuel_level": 92}, {"virtual_rental_type_id": 2, "car_plate": "EZ218GW", "virtual_rental_id": 360493, "car_category_id": 8, "car_category_type_id": 1, "lon": 7.65465, "carModelData": [100], "car_name": "Fiat 500", "onClick_disabled": false, "address": "Via Amari Michele, 5, 10127 Torino", "lat": 45.01826, "fuel_level": 81}, {"virtual_rental_type_id": 2, "car_plate": "EZ264GW", "virtual_rental_id": 310773, "car_category_id": 8, "car_category_type_id": 1, "lon": 7.656222, "carModelData": [100], "car_name": "Fiat 500", "onClick_disabled": false, "address": "Corso Potenza, 72-76, 10149 Torino", "lat": 45.09379, "fuel_level": 43}, {"virtual_rental_type_id": 2, "car_plate": "EZ127GW", "virtual_rental_id": 309764, "car_category_id": 8, "car_category_type_id": 1, "lon": 7.6526413, "carModelData": [100], "car_name": "Fiat 500", "onClick_disabled": false, "address": "Corso Potenza, 17, 10143 Torino", "lat": 45.08949, "fuel_level": 36}, {"virtual_rental_type_id": 2, "car_plate": "EZ258GW", "virtual_rental_id": 403344, "car_category_id": 8, "car_category_type_id": 1, "lon": 7.728702, "carModelData": [100], "car_name": "Fiat 500", "onClick_disabled": false, "address": "Via Luca Signorelli, 3, 10132 Torino", "lat": 45.072845, "fuel_level": 90}, {"virtual_rental_type_id": 2, "car_plate": "EZ019TY", "virtual_rental_id": 406392, "car_category_id": 8, "car_category_type_id": 1, "lon": 7.696685, "carModelData": [], "car_name": "Fiat 500", "onClick_disabled": false, "address": "Via Sandro Botticelli, 3a, 10155 Torino", "lat": 45.103065, "fuel_level": 83}, {"virtual_rental_type_id": 2, "car_plate": "EZ173TY", "virtual_rental_id": 412990, "car_category_id": 8, "car_category_type_id": 1, "lon": 7.638929, "carModelData": [], "car_name": "Fiat 500", "onClick_disabled": false, "address": "Str. delle Cacce, 32, 10135 Torino", "lat": 45.018875, "fuel_level": 49}, {"virtual_rental_type_id": 2, "car_plate": "EZ131TY", "virtual_rental_id": 412720, "car_category_id": 8, "car_category_type_id": 1, "lon": 7.7213273, "carModelData": [], "car_name": "Fiat 500", "onClick_disabled": false, "address": "Pista ciclabile di Lungo Po Antonelli, 10153 Torino", "lat": 45.07117, "fuel_level": 45}, {"virtual_rental_type_id": 2, "car_plate": "EZ772DD", "virtual_rental_id": 421882, "car_category_id": 8, "car_category_type_id": 1, "lon": 7.650965, "carModelData": [100], "car_name": "Fiat 500", "onClick_disabled": false, "address": "Via Candiolo, 61-69, 10127 Torino", "lat": 45.015335, "fuel_level": 58}, {"virtual_rental_type_id": 2, "car_plate": "EZ096TY", "virtual_rental_id": 309794, "car_category_id": 8, "car_category_type_id": 1, "lon": 7.6329303, "carModelData": [], "car_name": "Fiat 500", "onClick_disabled": false, "address": "Via Baveno, 53, 10146 Torino", "lat": 45.079033, "fuel_level": 32}, {"virtual_rental_type_id": 2, "car_plate": "EZ243GW", "virtual_rental_id": 349732, "car_category_id": 8, "car_category_type_id": 1, "lon": 7.6355343, "carModelData": [100], "car_name": "Fiat 500", "onClick_disabled": false, "address": "Corso Cosenza, 95, 10137 Torino", "lat": 45.038914, "fuel_level": 64}, {"virtual_rental_type_id": 2, "car_plate": "EZ798DF", "virtual_rental_id": 352990, "car_category_id": 8, "car_category_type_id": 1, "lon": 7.632061, "carModelData": [100], "car_name": "Fiat 500", "onClick_disabled": false, "address": "Corso Monte Cucco, 87, 10141 Torino", "lat": 45.066566, "fuel_level": 26}, {"virtual_rental_type_id": 2, "car_plate": "EZ270GW", "virtual_rental_id": 359937, "car_category_id": 8, "car_category_type_id": 1, "lon": 7.6885457, "carModelData": [100], "car_name": "Fiat 500", "onClick_disabled": false, "address": "Via Sempione, 10155 Torino", "lat": 45.100147, "fuel_level": 43}, {"virtual_rental_type_id": 2, "car_plate": "EZ122TY", "virtual_rental_id": 424493, "car_category_id": 8, "car_category_type_id": 1, "lon": 7.70664, "carModelData": [], "car_name": "Fiat 500", "onClick_disabled": false, "address": "Via Ribordone, 31, 10156 Torino", "lat": 45.114746, "fuel_level": 7}, {"virtual_rental_type_id": 2, "car_plate": "EZ091TY", "virtual_rental_id": 374190, "car_category_id": 8, "car_category_type_id": 1, "lon": 7.6392574, "carModelData": [], "car_name": "Fiat 500", "onClick_disabled": false, "address": "Via Rubiana, 43, 10139 Torino", "lat": 45.07196, "fuel_level": 28}, {"virtual_rental_type_id": 2, "car_plate": "EZ166TY", "virtual_rental_id": 326738, "car_category_id": 8, "car_category_type_id": 1, "lon": 7.651913, "carModelData": [], "car_name": "Fiat 500", "onClick_disabled": false, "address": "Via Paoli Pasquale, 68, 10134 Torino", "lat": 45.033943, "fuel_level": 26}, {"virtual_rental_type_id": 2, "car_plate": "EZ102TY", "virtual_rental_id": 381927, "car_category_id": 8, "car_category_type_id": 1, "lon": 7.631291, "carModelData": [], "car_name": "Fiat 500", "onClick_disabled": false, "address": "Via Sacra di S. Michele, 12, 10139 Torino", "lat": 45.074207, "fuel_level": 42}, {"virtual_rental_type_id": 2, "car_plate": "EZ076TY", "virtual_rental_id": 436484, "car_category_id": 8, "car_category_type_id": 1, "lon": 7.6280084, "carModelData": [], "car_name": "Fiat 500", "onClick_disabled": false, "address": "Via Valgioie, 73, 10146 Torino", "lat": 45.07684, "fuel_level": 62}, {"virtual_rental_type_id": 2, "car_plate": "EZ170TY", "virtual_rental_id": 431551, "car_category_id": 8, "car_category_type_id": 1, "lon": 7.6531405, "carModelData": [], "car_name": "Fiat 500", "onClick_disabled": false, "address": "Via Sapri, 44-48, 10127 Torino", "lat": 45.011154, "fuel_level": 88}, {"virtual_rental_type_id": 2, "car_plate": "EZ236TY", "virtual_rental_id": 313717, "car_category_id": 8, "car_category_type_id": 1, "lon": 7.6765146, "carModelData": [], "car_name": "Fiat 500", "onClick_disabled": false, "address": "Via Conte di Roccavione, 69, 10147 Torino", "lat": 45.101128, "fuel_level": 92}, {"virtual_rental_type_id": 2, "car_plate": "EZ050TY", "virtual_rental_id": 414303, "car_category_id": 8, "car_category_type_id": 1, "lon": 7.635543, "carModelData": [], "car_name": "Fiat 500", "onClick_disabled": false, "address": "Via Oulx, 24, 10139 Torino", "lat": 45.07289, "fuel_level": 37}, {"virtual_rental_type_id": 2, "car_plate": "EZ993DD", "virtual_rental_id": 400866, "car_category_id": 8, "car_category_type_id": 1, "lon": 7.6309733, "carModelData": [100], "car_name": "Fiat 500", "onClick_disabled": false, "address": "Via Giuseppe Rigola, 1-7, 10135 Torino", "lat": 45.017296, "fuel_level": 20}, {"virtual_rental_type_id": 2, "car_plate": "EZ266GW", "virtual_rental_id": 363441, "car_category_id": 8, "car_category_type_id": 1, "lon": 7.664325, "carModelData": [100], "car_name": "Fiat 500", "onClick_disabled": false, "address": "Via Ponderano, 35, 10149 Torino", "lat": 45.09777, "fuel_level": 23}, {"virtual_rental_type_id": 2, "car_plate": "EZ002TY", "virtual_rental_id": 432919, "car_category_id": 8, "car_category_type_id": 1, "lon": 7.6288595, "carModelData": [], "car_name": "Fiat 500", "onClick_disabled": false, "address": "Via Vincenzo Lancia, 138, 10141 Torino", "lat": 45.06263, "fuel_level": 29}, {"virtual_rental_type_id": 2, "car_plate": "EZ161TY", "virtual_rental_id": 431099, "car_category_id": 8, "car_category_type_id": 1, "lon": 7.6652813, "carModelData": [], "car_name": "Fiat 500", "onClick_disabled": false, "address": "Corso Grosseto, 240, 10148 Torino", "lat": 45.10534, "fuel_level": 52}, {"virtual_rental_type_id": 2, "car_plate": "EZ794DD", "virtual_rental_id": 321472, "car_category_id": 8, "car_category_type_id": 1, "lon": 7.7134485, "carModelData": [100], "car_name": "Fiat 500", "onClick_disabled": false, "address": "Via Bologna, 248, 10154 Torino", "lat": 45.091766, "fuel_level": 29}, {"virtual_rental_type_id": 2, "car_plate": "EZ781DD", "virtual_rental_id": 370454, "car_category_id": 8, "car_category_type_id": 1, "lon": 7.664928, "carModelData": [100], "car_name": "Fiat 500", "onClick_disabled": false, "address": "Via Portula, 8a, 10149 Torino", "lat": 45.098133, "fuel_level": 37}, {"virtual_rental_type_id": 2, "car_plate": "EZ789DD", "virtual_rental_id": 352877, "car_category_id": 8, "car_category_type_id": 1, "lon": 7.6983013, "carModelData": [100], "car_name": "Fiat 500", "onClick_disabled": false, "address": "Via Sandro Botticelli, 27, 10155 Torino", "lat": 45.102654, "fuel_level": 98}, {"virtual_rental_type_id": 2, "car_plate": "EZ799DD", "virtual_rental_id": 374467, "car_category_id": 8, "car_category_type_id": 1, "lon": 7.731998, "carModelData": [100], "car_name": "Fiat 500", "onClick_disabled": false, "address": "Strada Comunale da Bertolla all'Abbadia di Stura, 205, 10156 Torino", "lat": 45.1128, "fuel_level": 72}, {"virtual_rental_type_id": 2, "car_plate": "EZ992DD", "virtual_rental_id": 416105, "car_category_id": 8, "car_category_type_id": 1, "lon": 7.6684275, "carModelData": [100], "car_name": "Fiat 500", "onClick_disabled": false, "address": "Via Massena, 85, 10128 Torino", "lat": 45.054764, "fuel_level": 31}, {"virtual_rental_type_id": 2, "car_plate": "EZ748DD", "virtual_rental_id": 307271, "car_category_id": 8, "car_category_type_id": 1, "lon": 7.6508055, "carModelData": [100], "car_name": "Fiat 500", "onClick_disabled": false, "address": "Corso Svizzera, 60, 10143 Torino", "lat": 45.081367, "fuel_level": 40}, {"virtual_rental_type_id": 2, "car_plate": "EZ750DD", "virtual_rental_id": 389326, "car_category_id": 8, "car_category_type_id": 1, "lon": 7.61994, "carModelData": [100], "car_name": "Fiat 500", "onClick_disabled": false, "address": "Via Pietro Cossa, 2-6, 10146 Torino", "lat": 45.07538, "fuel_level": 51}, {"virtual_rental_type_id": 2, "car_plate": "EZ550DD", "virtual_rental_id": 342392, "car_category_id": 8, "car_category_type_id": 1, "lon": 7.6251063, "carModelData": [100], "car_name": "Fiat 500", "onClick_disabled": false, "address": "Via Trecate, 46, 10141 Torino", "lat": 45.070328, "fuel_level": 49}, {"virtual_rental_type_id": 2, "car_plate": "EZ779DD", "virtual_rental_id": 313737, "car_category_id": 8, "car_category_type_id": 1, "lon": 7.68061, "carModelData": [100], "car_name": "Fiat 500", "onClick_disabled": false, "address": "Viale Dogali, 22, 10133 Torino", "lat": 45.04161, "fuel_level": 30}, {"virtual_rental_type_id": 2, "car_plate": "EZ996DD", "virtual_rental_id": 423394, "car_category_id": 8, "car_category_type_id": 1, "lon": 7.638119, "carModelData": [100], "car_name": "Fiat 500", "onClick_disabled": false, "address": "Via Isonzo, 100B, 10141 Torino", "lat": 45.061623, "fuel_level": 87}, {"virtual_rental_type_id": 2, "car_plate": "EZ791DD", "virtual_rental_id": 383597, "car_category_id": 8, "car_category_type_id": 1, "lon": 7.697876, "carModelData": [100], "car_name": "Fiat 500", "onClick_disabled": false, "address": "Via Crescentino, 54, 10154 Torino", "lat": 45.09118, "fuel_level": 21}, {"virtual_rental_type_id": 2, "car_plate": "EZ784DD", "virtual_rental_id": 414602, "car_category_id": 8, "car_category_type_id": 1, "lon": 7.6315026, "carModelData": [100], "car_name": "Fiat 500", "onClick_disabled": false, "address": "Passaggio Privato Pianceri, 12, 10146 Torino", "lat": 45.082813, "fuel_level": 30}, {"virtual_rental_type_id": 2, "car_plate": "EZ808DD", "virtual_rental_id": 373228, "car_category_id": 8, "car_category_type_id": 1, "lon": 7.6442556, "carModelData": [100], "car_name": "Fiat 500", "onClick_disabled": false, "address": "Corso Appio Claudio, 106, 10146 Torino", "lat": 45.08482, "fuel_level": 32}, {"virtual_rental_type_id": 2, "car_plate": "EZ754DD", "virtual_rental_id": 336489, "car_category_id": 8, "car_category_type_id": 1, "lon": 7.6565423, "carModelData": [100], "car_name": "Fiat 500", "onClick_disabled": false, "address": "Via Vi\u00f9, 26, 10149 Torino", "lat": 45.09056, "fuel_level": 67}, {"virtual_rental_type_id": 2, "car_plate": "EZ810DD", "virtual_rental_id": 333517, "car_category_id": 8, "car_category_type_id": 1, "lon": 7.617049, "carModelData": [100], "car_name": "Fiat 500", "onClick_disabled": false, "address": "Corso Luigi Settembrini, 210, 10135 Torino", "lat": 45.030087, "fuel_level": 98}, {"virtual_rental_type_id": 2, "car_plate": "EZ827DD", "virtual_rental_id": 364527, "car_category_id": 8, "car_category_type_id": 1, "lon": 9.259575, "carModelData": [100], "car_name": "Fiat 500", "onClick_disabled": false, "address": "Viale Italia, 800, 20099 Sesto San Giovanni MI", "lat": 45.550648, "fuel_level": 14}, {"virtual_rental_type_id": 2, "car_plate": "EZ803DD", "virtual_rental_id": 316125, "car_category_id": 8, "car_category_type_id": 1, "lon": 7.6718307, "carModelData": [100], "car_name": "Fiat 500", "onClick_disabled": false, "address": "Via Ciamarella, 36, 10149 Torino", "lat": 45.093163, "fuel_level": 23}, {"virtual_rental_type_id": 2, "car_plate": "EZ103TY", "virtual_rental_id": 356984, "car_category_id": 8, "car_category_type_id": 1, "lon": 7.633616, "carModelData": [], "car_name": "Fiat 500", "onClick_disabled": false, "address": "Via Tofane, 28, 10141 Torino", "lat": 45.06607, "fuel_level": 75}, {"virtual_rental_type_id": 2, "car_plate": "EZ112TY", "virtual_rental_id": 343118, "car_category_id": 8, "car_category_type_id": 1, "lon": 7.618218, "carModelData": [], "car_name": "Fiat 500", "onClick_disabled": false, "address": "Via Plava, 74, 10135 Torino", "lat": 45.01923, "fuel_level": 98}, {"virtual_rental_type_id": 2, "car_plate": "EZ795DD", "virtual_rental_id": 398247, "car_category_id": 8, "car_category_type_id": 1, "lon": 7.620053, "carModelData": [100], "car_name": "Fiat 500", "onClick_disabled": false, "address": "Piazza Massaua, 7, 10141 Torino", "lat": 45.074196, "fuel_level": 85}, {"virtual_rental_type_id": 2, "car_plate": "EZ139SE", "virtual_rental_id": 336955, "car_category_id": 8, "car_category_type_id": 1, "lon": 7.6897726, "carModelData": [], "car_name": "Fiat 500", "onClick_disabled": false, "address": "Via Baltea, 2, 10155 Torino", "lat": 45.09125, "fuel_level": 96}, {"virtual_rental_type_id": 2, "car_plate": "EZ126TY", "virtual_rental_id": 375987, "car_category_id": 8, "car_category_type_id": 1, "lon": 7.658654, "carModelData": [], "car_name": "Fiat 500", "onClick_disabled": false, "address": "Via Pessinetto, 14/A, 10149 Torino", "lat": 45.089928, "fuel_level": 98}, {"virtual_rental_type_id": 2, "car_plate": "EZ015TY", "virtual_rental_id": 422845, "car_category_id": 8, "car_category_type_id": 1, "lon": 7.62623, "carModelData": [], "car_name": "Fiat 500", "onClick_disabled": false, "address": "Via Giovanni Servais, 115-121, 10146 Torino", "lat": 45.08387, "fuel_level": 43}, {"virtual_rental_type_id": 2, "car_plate": "EZ043TY", "virtual_rental_id": 401504, "car_category_id": 8, "car_category_type_id": 1, "lon": 7.6622906, "carModelData": [], "car_name": "Fiat 500", "onClick_disabled": false, "address": "Corso Potenza, 200A, 10149 Torino", "lat": 45.10392, "fuel_level": 44}, {"virtual_rental_type_id": 2, "car_plate": "EZ026TY", "virtual_rental_id": 318151, "car_category_id": 8, "car_category_type_id": 1, "lon": 7.654053, "carModelData": [], "car_name": "Fiat 500", "onClick_disabled": false, "address": "Via Cormons, 73, 10127 Torino", "lat": 45.009235, "fuel_level": 66}, {"virtual_rental_type_id": 2, "car_plate": "EZ135GW", "virtual_rental_id": 428498, "car_category_id": 8, "car_category_type_id": 1, "lon": 7.6629496, "carModelData": [100], "car_name": "Fiat 500", "onClick_disabled": false, "address": "Corso Potenza, 10151 Torino", "lat": 45.104736, "fuel_level": 52}, {"virtual_rental_type_id": 2, "car_plate": "EZ125GW", "virtual_rental_id": 321310, "car_category_id": 8, "car_category_type_id": 1, "lon": 7.6600795, "carModelData": [100], "car_name": "Fiat 500", "onClick_disabled": false, "address": "Via Onorato Vigliani, 217, 10127 Torino", "lat": 45.017708, "fuel_level": 50}, {"virtual_rental_type_id": 2, "car_plate": "EZ803DF", "virtual_rental_id": 393687, "car_category_id": 8, "car_category_type_id": 1, "lon": 7.655259, "carModelData": [100], "car_name": "Fiat 500", "onClick_disabled": false, "address": "Corso Caio Plinio, 4, 10127 Torino", "lat": 45.026237, "fuel_level": 47}, {"virtual_rental_type_id": 2, "car_plate": "EZ187TY", "virtual_rental_id": 326692, "car_category_id": 8, "car_category_type_id": 1, "lon": 7.644285, "carModelData": [], "car_name": "Fiat 500", "onClick_disabled": false, "address": "Via Monte Pasubio, 25, 10135 Torino", "lat": 45.02602, "fuel_level": 61}, {"virtual_rental_type_id": 2, "car_plate": "EZ086TY", "virtual_rental_id": 426125, "car_category_id": 8, "car_category_type_id": 1, "lon": 7.6995587, "carModelData": [], "car_name": "Fiat 500", "onClick_disabled": false, "address": "Via Alessandro Scarlatti, 45, 10154 Torino", "lat": 45.08955, "fuel_level": 28}, {"virtual_rental_type_id": 2, "car_plate": "EZ145TY", "virtual_rental_id": 307539, "car_category_id": 8, "car_category_type_id": 1, "lon": 7.627532, "carModelData": [], "car_name": "Fiat 500", "onClick_disabled": false, "address": "Via Stelvio, 54-60, 10141 Torino", "lat": 45.066, "fuel_level": 61}, {"virtual_rental_type_id": 2, "car_plate": "EZ090TY", "virtual_rental_id": 392293, "car_category_id": 8, "car_category_type_id": 1, "lon": 7.6603303, "carModelData": [], "car_name": "Fiat 500", "onClick_disabled": false, "address": "Sottopassaggio Lingotto, 22, 10127 Torino", "lat": 45.028786, "fuel_level": 71}, {"virtual_rental_type_id": 2, "car_plate": "EZ142TY", "virtual_rental_id": 326083, "car_category_id": 8, "car_category_type_id": 1, "lon": 7.6519585, "carModelData": [], "car_name": "Fiat 500", "onClick_disabled": false, "address": "Via Carolina Invernizio, 2-4, 10127 Torino", "lat": 45.023254, "fuel_level": 71}, {"virtual_rental_type_id": 2, "car_plate": "EZ075TY", "virtual_rental_id": 410442, "car_category_id": 8, "car_category_type_id": 1, "lon": 7.6767426, "carModelData": [], "car_name": "Fiat 500", "onClick_disabled": false, "address": "Corso Vittorio Emanuele II, 62, 10121 Torino", "lat": 45.06377, "fuel_level": 41}, {"virtual_rental_type_id": 2, "car_plate": "EZ151TY", "virtual_rental_id": 353367, "car_category_id": 8, "car_category_type_id": 1, "lon": 7.6509933, "carModelData": [], "car_name": "Fiat 500", "onClick_disabled": false, "address": "Via Candiolo, 76, 10127 Torino", "lat": 45.01558, "fuel_level": 49}, {"virtual_rental_type_id": 2, "car_plate": "EZ106TY", "virtual_rental_id": 324727, "car_category_id": 8, "car_category_type_id": 1, "lon": 7.640589, "carModelData": [], "car_name": "Fiat 500", "onClick_disabled": false, "address": "Corso Francia, 164, 10145 Torino", "lat": 45.075653, "fuel_level": 54}, {"virtual_rental_type_id": 2, "car_plate": "EZ178TY", "virtual_rental_id": 414177, "car_category_id": 8, "car_category_type_id": 1, "lon": 7.7096972, "carModelData": [], "car_name": "Fiat 500", "onClick_disabled": false, "address": "Via Sandro Botticelli, 106, 10154 Torino", "lat": 45.098877, "fuel_level": 80}, {"virtual_rental_type_id": 2, "car_plate": "EZ204TY", "virtual_rental_id": 309712, "car_category_id": 8, "car_category_type_id": 1, "lon": 7.6570077, "carModelData": [], "car_name": "Fiat 500", "onClick_disabled": false, "address": "Via Balangero, 29, 10149 Torino", "lat": 45.090534, "fuel_level": 30}, {"virtual_rental_type_id": 2, "car_plate": "EZ186TY", "virtual_rental_id": 336163, "car_category_id": 8, "car_category_type_id": 1, "lon": 7.703718, "carModelData": [], "car_name": "Fiat 500", "onClick_disabled": false, "address": "Via Giorgio Pallavicino, 35, 10153 Torino", "lat": 45.073383, "fuel_level": 71}, {"virtual_rental_type_id": 2, "car_plate": "EZ008TY", "virtual_rental_id": 418808, "car_category_id": 8, "car_category_type_id": 1, "lon": 7.6884375, "carModelData": [], "car_name": "Fiat 500", "onClick_disabled": false, "address": "Via Courmayeur, 1D, 10155 Torino", "lat": 45.09045, "fuel_level": 53}, {"virtual_rental_type_id": 2, "car_plate": "EZ064TY", "virtual_rental_id": 379456, "car_category_id": 8, "car_category_type_id": 1, "lon": 7.636489, "carModelData": [], "car_name": "Fiat 500", "onClick_disabled": false, "address": "Via Gaspero Barbera, 43, 10135 Torino", "lat": 45.018513, "fuel_level": 98}, {"virtual_rental_type_id": 2, "car_plate": "EZ072TY", "virtual_rental_id": 390912, "car_category_id": 8, "car_category_type_id": 1, "lon": 7.690038, "carModelData": [], "car_name": "Fiat 500", "onClick_disabled": false, "address": "Via Francesco Cigna, 180, 10155 Torino", "lat": 45.098335, "fuel_level": 22}, {"virtual_rental_type_id": 2, "car_plate": "EZ759DD", "virtual_rental_id": 337021, "car_category_id": 8, "car_category_type_id": 1, "lon": 7.6781607, "carModelData": [100], "car_name": "Fiat 500", "onClick_disabled": false, "address": "Corso Moncalieri, 322-328, 10133 Torino", "lat": 45.030163, "fuel_level": 60}, {"virtual_rental_type_id": 2, "car_plate": "EZ745DD", "virtual_rental_id": 357229, "car_category_id": 8, "car_category_type_id": 1, "lon": 7.712023, "carModelData": [100], "car_name": "Fiat 500", "onClick_disabled": false, "address": "Piazzetta Operaie della Manifattura Tabacchi, 10154 Torino", "lat": 45.09128, "fuel_level": 100}, {"virtual_rental_type_id": 2, "car_plate": "EZ752DD", "virtual_rental_id": 337961, "car_category_id": 8, "car_category_type_id": 1, "lon": 7.6945276, "carModelData": [100], "car_name": "Fiat 500", "onClick_disabled": false, "address": "Via Luigi Boccherini, 31, 10155 Torino", "lat": 45.100895, "fuel_level": 41}, {"virtual_rental_type_id": 2, "car_plate": "EZ524DD", "virtual_rental_id": 405204, "car_category_id": 8, "car_category_type_id": 1, "lon": 7.692253, "carModelData": [100], "car_name": "Fiat 500", "onClick_disabled": false, "address": "Corso Vercelli, 139, 10155 Torino", "lat": 45.0974, "fuel_level": 54}, {"virtual_rental_type_id": 2, "car_plate": "EZ529DD", "virtual_rental_id": 320201, "car_category_id": 8, "car_category_type_id": 1, "lon": 7.6895986, "carModelData": [100], "car_name": "Fiat 500", "onClick_disabled": false, "address": "Via Rondissone, 42, 10155 Torino", "lat": 45.097412, "fuel_level": 48}, {"virtual_rental_type_id": 2, "car_plate": "EZ536DD", "virtual_rental_id": 398655, "car_category_id": 8, "car_category_type_id": 1, "lon": 7.652673, "carModelData": [100], "car_name": "Fiat 500", "onClick_disabled": false, "address": "Via Onorato Vigliani, 161, 10127 Torino", "lat": 45.017647, "fuel_level": 55}, {"virtual_rental_type_id": 2, "car_plate": "EZ519DD", "virtual_rental_id": 356981, "car_category_id": 8, "car_category_type_id": 1, "lon": 7.6542883, "carModelData": [100], "car_name": "Fiat 500", "onClick_disabled": false, "address": "Via Luigi Contratti, 10134 Torino", "lat": 45.0404, "fuel_level": 81}, {"virtual_rental_type_id": 2, "car_plate": "EZ782DD", "virtual_rental_id": 335681, "car_category_id": 8, "car_category_type_id": 1, "lon": 7.632801, "carModelData": [100], "car_name": "Fiat 500", "onClick_disabled": false, "address": "Corso Sebastopoli, 275-281, 10136 Torino", "lat": 45.049442, "fuel_level": 71}, {"virtual_rental_type_id": 2, "car_plate": "EZ500DD", "virtual_rental_id": 412718, "car_category_id": 8, "car_category_type_id": 1, "lon": 7.6918116, "carModelData": [100], "car_name": "Fiat 500", "onClick_disabled": false, "address": "Via Luigi Boccherini, 40, 10155 Torino", "lat": 45.10238, "fuel_level": 37}, {"virtual_rental_type_id": 2, "car_plate": "EZ764DD", "virtual_rental_id": 348710, "car_category_id": 8, "car_category_type_id": 1, "lon": 7.632639, "carModelData": [100], "car_name": "Fiat 500", "onClick_disabled": false, "address": "Corso Unione Sovietica, 456-458, 10135 Torino", "lat": 45.020813, "fuel_level": 92}, {"virtual_rental_type_id": 2, "car_plate": "EZ755DD", "virtual_rental_id": 400656, "car_category_id": 8, "car_category_type_id": 1, "lon": 7.688346, "carModelData": [100], "car_name": "Fiat 500", "onClick_disabled": false, "address": "Via Febo, 1, 10133 Torino", "lat": 45.050327, "fuel_level": 71}, {"virtual_rental_type_id": 2, "car_plate": "EZ786DD", "virtual_rental_id": 409036, "car_category_id": 8, "car_category_type_id": 1, "lon": 7.6915493, "carModelData": [100], "car_name": "Fiat 500", "onClick_disabled": false, "address": "Lungo Dora Siena, 2-4, 10152 Torino", "lat": 45.07537, "fuel_level": 7}, {"virtual_rental_type_id": 2, "car_plate": "EZ816DD", "virtual_rental_id": 339520, "car_category_id": 8, "car_category_type_id": 1, "lon": 7.624908, "carModelData": [100], "car_name": "Fiat 500", "onClick_disabled": false, "address": "Corso Peschiera, 353-361, 10141 Torino", "lat": 45.074085, "fuel_level": 67}, {"virtual_rental_type_id": 2, "car_plate": "EZ801DD", "virtual_rental_id": 365542, "car_category_id": 8, "car_category_type_id": 1, "lon": 7.6585374, "carModelData": [100], "car_name": "Fiat 500", "onClick_disabled": false, "address": "Via Tunisi, 49, 10134 Torino", "lat": 45.04156, "fuel_level": 35}, {"virtual_rental_type_id": 2, "car_plate": "EZ105GW", "virtual_rental_id": 402269, "car_category_id": 8, "car_category_type_id": 1, "lon": 7.670637, "carModelData": [100], "car_name": "Fiat 500", "onClick_disabled": false, "address": "Via Foligno, 2, 10149 Torino", "lat": 45.097042, "fuel_level": 73}, {"virtual_rental_type_id": 2, "car_plate": "EZ119GW", "virtual_rental_id": 416357, "car_category_id": 8, "car_category_type_id": 1, "lon": 7.6509404, "carModelData": [100], "car_name": "Fiat 500", "onClick_disabled": false, "address": "Corso Appio Claudio, 34, 10143 Torino", "lat": 45.084854, "fuel_level": 52}, {"virtual_rental_type_id": 2, "car_plate": "EZ079TY", "virtual_rental_id": 334773, "car_category_id": 8, "car_category_type_id": 1, "lon": 7.628471, "carModelData": [], "car_name": "Fiat 500", "onClick_disabled": false, "address": "Corso Filippo Brunelleschi, 167, 10141 Torino", "lat": 45.060707, "fuel_level": 34}, {"virtual_rental_type_id": 2, "car_plate": "EZ164SE", "virtual_rental_id": 303680, "car_category_id": 8, "car_category_type_id": 1, "lon": 7.629281, "carModelData": [], "car_name": "Fiat 500", "onClick_disabled": false, "address": "Str. del Lionetto, 7-13, 10146 Torino", "lat": 45.07588, "fuel_level": 63}, {"virtual_rental_type_id": 2, "car_plate": "EZ148TY", "virtual_rental_id": 334133, "car_category_id": 8, "car_category_type_id": 1, "lon": 7.69126, "carModelData": [], "car_name": "Fiat 500", "onClick_disabled": false, "address": "Via Arturo Toscanini, 2, 10155 Torino", "lat": 45.100037, "fuel_level": 98}, {"virtual_rental_type_id": 2, "car_plate": "EZ225TY", "virtual_rental_id": 390222, "car_category_id": 8, "car_category_type_id": 1, "lon": 7.6709247, "carModelData": [], "car_name": "Fiat 500", "onClick_disabled": false, "address": "Via Andrea Cesalpino, 10149 Torino", "lat": 45.09713, "fuel_level": 58}, {"virtual_rental_type_id": 2, "car_plate": "EZ129TY", "virtual_rental_id": 420512, "car_category_id": 8, "car_category_type_id": 1, "lon": 7.653718, "carModelData": [], "car_name": "Fiat 500", "onClick_disabled": false, "address": "Via Monastir, 59A, 10127 Torino", "lat": 45.01286, "fuel_level": 57}, {"virtual_rental_type_id": 2, "car_plate": "EZ122GW", "virtual_rental_id": 358667, "car_category_id": 8, "car_category_type_id": 1, "lon": 7.6602015, "carModelData": [100], "car_name": "Fiat 500", "onClick_disabled": false, "address": "Corso Re Umberto, 152, 10134 Torino", "lat": 45.049213, "fuel_level": 15}, {"virtual_rental_type_id": 2, "car_plate": "EZ261GW", "virtual_rental_id": 363486, "car_category_id": 8, "car_category_type_id": 1, "lon": 7.6803455, "carModelData": [100], "car_name": "Fiat 500", "onClick_disabled": false, "address": "Corso Guglielmo Marconi, 229, 10125 Torino", "lat": 45.056057, "fuel_level": 32}, {"virtual_rental_type_id": 2, "car_plate": "EZ869DF", "virtual_rental_id": 397761, "car_category_id": 8, "car_category_type_id": 1, "lon": 7.6679707, "carModelData": [100], "car_name": "Fiat 500", "onClick_disabled": false, "address": "Via Spotorno, 26, 10126 Torino", "lat": 45.032482, "fuel_level": 100}, {"virtual_rental_type_id": 2, "car_plate": "EZ199GW", "virtual_rental_id": 315055, "car_category_id": 8, "car_category_type_id": 1, "lon": 7.6228046, "carModelData": [100], "car_name": "Fiat 500", "onClick_disabled": false, "address": "Via Camillo Riccio, 30, 10135 Torino", "lat": 45.014633, "fuel_level": 87}, {"virtual_rental_type_id": 2, "car_plate": "EZ221GW", "virtual_rental_id": 412719, "car_category_id": 8, "car_category_type_id": 1, "lon": 7.648234, "carModelData": [100], "car_name": "Fiat 500", "onClick_disabled": false, "address": "Corso Carlo e Nello Rosselli, 132, 10141 Torino", "lat": 45.055, "fuel_level": 35}, {"virtual_rental_type_id": 2, "car_plate": "EZ268GW", "virtual_rental_id": 386908, "car_category_id": 8, "car_category_type_id": 1, "lon": 7.7144604, "carModelData": [100], "car_name": "Fiat 500", "onClick_disabled": false, "address": "Via Sandro Botticelli, 217, 10154 Torino", "lat": 45.09641, "fuel_level": 32}, {"virtual_rental_type_id": 2, "car_plate": "EZ217GW", "virtual_rental_id": 385523, "car_category_id": 8, "car_category_type_id": 1, "lon": 7.632254, "carModelData": [100], "car_name": "Fiat 500", "onClick_disabled": false, "address": "Via Monte Novegno, 10, 10137 Torino", "lat": 45.040627, "fuel_level": 100}, {"virtual_rental_type_id": 2, "car_plate": "EZ047TY", "virtual_rental_id": 316942, "car_category_id": 8, "car_category_type_id": 1, "lon": 7.696193, "carModelData": [], "car_name": "Fiat 500", "onClick_disabled": false, "address": "Lungo Dora Firenze, 117, 10153 Torino", "lat": 45.073948, "fuel_level": 30}, {"virtual_rental_type_id": 2, "car_plate": "EZ274GW", "virtual_rental_id": 392698, "car_category_id": 8, "car_category_type_id": 1, "lon": 7.694531, "carModelData": [100], "car_name": "Fiat 500", "onClick_disabled": false, "address": "Piazza Conti di Rebaudengo, 9-17, 10155 Torino", "lat": 45.10297, "fuel_level": 17}, {"virtual_rental_type_id": 2, "car_plate": "EZ123GW", "virtual_rental_id": 429993, "car_category_id": 8, "car_category_type_id": 1, "lon": 7.68704, "carModelData": [100], "car_name": "Fiat 500", "onClick_disabled": false, "address": "Via Fossata, 43-57, 10155 Torino", "lat": 45.095688, "fuel_level": 37}, {"virtual_rental_type_id": 2, "car_plate": "EZ025TY", "virtual_rental_id": 342408, "car_category_id": 8, "car_category_type_id": 1, "lon": 7.6596403, "carModelData": [], "car_name": "Fiat 500", "onClick_disabled": false, "address": "Via Trofarello, 10a, 10127 Torino", "lat": 45.02172, "fuel_level": 49}, {"virtual_rental_type_id": 2, "car_plate": "EZ020TY", "virtual_rental_id": 317863, "car_category_id": 8, "car_category_type_id": 1, "lon": 7.6973467, "carModelData": [], "car_name": "Fiat 500", "onClick_disabled": false, "address": "Via Sandro Botticelli, 13, 10155 Torino", "lat": 45.10321, "fuel_level": 100}, {"virtual_rental_type_id": 2, "car_plate": "EZ263SE", "virtual_rental_id": 395297, "car_category_id": 8, "car_category_type_id": 1, "lon": 7.6041527, "carModelData": [], "car_name": "Fiat 500", "onClick_disabled": false, "address": "Str. del Drosso, 235, 10135 Torino", "lat": 45.018032, "fuel_level": 20}, {"virtual_rental_type_id": 2, "car_plate": "EZ278GW", "virtual_rental_id": 408367, "car_category_id": 8, "car_category_type_id": 1, "lon": 7.6531405, "carModelData": [100], "car_name": "Fiat 500", "onClick_disabled": false, "address": "Via Sapri, 45, 10127 Torino", "lat": 45.011105, "fuel_level": 46}, {"virtual_rental_type_id": 2, "car_plate": "EZ267GW", "virtual_rental_id": 418584, "car_category_id": 8, "car_category_type_id": 1, "lon": 7.656992, "carModelData": [100], "car_name": "Fiat 500", "onClick_disabled": false, "address": "Via Sebastiano Caboto, 52, 10129 Torino", "lat": 45.057083, "fuel_level": 32}, {"virtual_rental_type_id": 2, "car_plate": "EZ103GW", "virtual_rental_id": 404924, "car_category_id": 8, "car_category_type_id": 1, "lon": 7.6707993, "carModelData": [100], "car_name": "Fiat 500", "onClick_disabled": false, "address": "Via Chisone, 18, 10128 Torino", "lat": 45.05374, "fuel_level": 97}, {"virtual_rental_type_id": 2, "car_plate": "EZ070TY", "virtual_rental_id": 417512, "car_category_id": 8, "car_category_type_id": 1, "lon": 7.6391244, "carModelData": [], "car_name": "Fiat 500", "onClick_disabled": false, "address": "Via Issiglio, 123, 10141 Torino", "lat": 45.058662, "fuel_level": 68}, {"virtual_rental_type_id": 2, "car_plate": "EZ063TY", "virtual_rental_id": 429689, "car_category_id": 8, "car_category_type_id": 1, "lon": 7.7121434, "carModelData": [], "car_name": "Fiat 500", "onClick_disabled": false, "address": "Corso Taranto, 141, 10154 Torino", "lat": 45.09612, "fuel_level": 8}, {"virtual_rental_type_id": 2, "car_plate": "EZ010TY", "virtual_rental_id": 303739, "car_category_id": 8, "car_category_type_id": 1, "lon": 7.6404347, "carModelData": [], "car_name": "Fiat 500", "onClick_disabled": false, "address": "Piazza Pietro Francesco Guala, 139, 10135 Torino", "lat": 45.022015, "fuel_level": 25}]