{
    "instances":[
        {
            "tag": "baksi-antalya",
            "meta":{
                "latitude": 36.862048,
                "city": "Antalya",
                "name":"Baksi",
                "longitude": 30.638866,
                "country": "TR"
            },
            "feed_url": "http://abone.antbis.com/harita.asp"
        },
        {
            "tag": "baksi-bisim",
            "meta":{
                "latitude": 38.4134047464,
                "city": "Izmir",
                "name": "Baksi",
                "longitude": 27.0325753524,
                "country":"TR"
            },
            "feed_url": "http://abone.bisim.com.tr/harita.asp"
        },
        {
            "tag": "baksi-istanbul",
            "meta":{
                "latitude": 40.9696887925,
                "city": "Istanbul",
                "name": "Isbike",
                "longitude": 29.0475373717,
                "country": "TR"
            },
            "feed_url": "https://www.isbike.com.tr/abone/harita.asp"
        },
        {
            "tag": "baksi-kobis",
            "meta":{
                "latitude": 40.7674733342,
                "city": "Kocaeli",
                "name": "Baksi",
                "longitude": 29.9755885985,
                "country": "TR"
            },
            "feed_url": "http://abone.kobis.com.tr/harita.asp"
        }
    ],
    "system":"baksi",
    "class":"Baksi"
}
