{
    "instances": [
        {
            "tag": "battlecreek",
            "meta": {
                "latitude": 42.32423,
                "longitude": -85.18833,
                "city": "Battle Creek, MI",
                "name": "Battle Creek B-cycle",
                "country": "US"
            },
            "feed_url": "https://battlecreek.bcycle.com/station-map"
        },
        {
            "tag": "desmoines",
            "meta": {
                "latitude": 41.6005448,
                "city": "Des Moines, IA",
                "name": "Des Moines B-cycle",
                "longitude": -93.6091064,
                "country": "US"
            },
            "feed_url": "http://desmoines.bcycle.com/station-map"
        },
        {
            "tag": "greenville",
            "meta": {
                "latitude": 34.85261759999999,
                "city": "Greenville, SC",
                "name": "Greenville B-cycle",
                "longitude": -82.3940104,
                "country": "US"
            },
            "feed_url": "http://greenville.bcycle.com/station-map"
        },
        {
            "tag": "nashville",
            "meta": {
                "latitude": 36.1666667,
                "city": "Nashville, TN",
                "name": "Nashville B-cycle",
                "longitude": -86.7833333,
                "country": "US"
            },
            "feed_url": "http://nashville.bcycle.com/map"
        },
        {
            "tag": "santiago",
            "meta": {
                "latitude": -33.457,
                "city": "Santiago",
                "name": "Bike Santiago",
                "longitude": -70.648,
                "country": "CL"
            },
            "feed_url": "https://bikesantiago.bcycle.com/station-locations-new/"
        },
        {
            "tag": "columbia-county",
            "meta": {
                "latitude": 33.5375,
                "city": "Evans, GA",
                "name": "Columbia County B-cycle",
                "longitude": -82.127778,
                "country": "US"
            },
            "feed_url": "https://columbiacounty.bcycle.com/station-map"
        },
        {
            "tag": "catbike",
            "meta": {
                "latitude": 32.016667,
                "city": "Savannah, GA",
                "name": "CAT Bike",
                "longitude": -81.116667,
                "country": "US"
            },
            "feed_url": "https://catbike.bcycle.com/station-map"
        },
        {
            "tag": "rapid-city",
            "meta": {
                "latitude": 44.076,
                "city": "Rapid City, SD",
                "name": "Rapid City B-cycle",
                "longitude": -103.228,
                "country": "US"
            },
            "feed_url": "https://rapidcity.bcycle.com/station-map"
        }
    ],
    "system": "bcycle",
    "class": "BCycleSystem"
}
