{
    "instances": [
        {
            "tag": "bbbike",
            "url": "https://bbbike.eu/mapa-stacji.html",
            "meta": {
                "latitude": 49.8225,
                "city": "Bielsko-Biała",
                "name": "BBBike",
                "longitude": 19.044444,
                "country": "PL"
            }
        },
        {
            "tag": "bikeu-bra",
            "url": "https://www.bra.org.pl/mapa-stacji.html",
            "meta": {
                "latitude": 53.12193,
                "city": "Bydgoszcz",
                "name": "Bydgoski rower aglomeracyjny",
                "longitude": 18.00038,
                "country": "PL"
            }
        }
    ],
    "system": "bikeu",
    "class": "Bikeu"
}
