{
    "instances": [
        {
            "tag": "cork",
            "system_id": "cork",
            "meta": {
                "latitude": 51.893604,
                "longitude": -8.494174,
                "city": "Cork",
                "country": "IE"
            }
        },
        {
            "tag": "limerick",
            "system_id": "limerick",
            "meta": {
                "latitude": 52.668746,
                "longitude": -8.627809,
                "city": "Limerick",
                "country": "IE"
            }
        },
        {
            "tag": "galway",
            "system_id": "galway",
            "meta": {
                "latitude": 53.2783491544,
                "longitude": -9.05069143207,
                "city": "Galway",
                "country": "IE"
            }
        }
    ],
    "system": "bikeshare_ie",
    "class": "BikeshareIE"
}