{
    "instances": [
        {
            "tag": "bixi-montreal", 
            "meta": {
                "latitude": 45.5086699, 
                "city": "Montreal, QC", 
                "name": "Bixi", 
                "longitude": -73.55399249999999, 
                "country": "CA"
            }, 
            "feed_url": "https://montreal.bixi.com/data/bikeStations.xml", 
            "format": "xml"
        }, 
        {
            "tag": "santander-cycles", 
            "meta": {
                "city": "London", 
                "name": "Santander Cycles", 
                "country": "GB", 
                "company": [
                    "PBSC", 
                    "Serco Group plc"
                ], 
                "longitude": -0.1198244, 
                "latitude": 51.51121389999999
            }, 
            "feed_url": "http://www.tfl.gov.uk/tfl/syndication/feeds/cycle-hire/livecyclehireupdates.xml", 
            "format": "xml"
        }, 
        {
            "tag": "bike-chattanooga", 
            "meta": {
                "city": "Chattanooga, TN", 
                "name": "Bike Chattanooga", 
                "country": "US", 
                "company": [
                    "PBSC", 
                    "Alta Bicycle Share, Inc"
                ], 
                "longitude": -85.3096801, 
                "latitude": 35.0456297
            }, 
            "feed_url": "http://www.bikechattanooga.com/stations/json", 
            "format": "json"
        }, 
        {
            "tag": "melbourne-bike-share", 
            "meta": {
                "city": "Melbourne", 
                "name": "Melbourne Bike Share", 
                "country": "AU", 
                "company": [
                    "PBSC", 
                    "Alta Bicycle Share, Inc"
                ], 
                "longitude": 144.96328, 
                "latitude": -37.814107
            }, 
            "feed_url": "http://www.melbournebikeshare.com.au/stationmap/data", 
            "format": "json_from_xml"
        }, 
        {
            "tag": "bay-area-bike-share", 
            "meta": {
                "city": "San Francisco Bay Area, CA", 
                "name": "Bay Area Bike Share", 
                "country": "US", 
                "company": [
                    "PBSC", 
                    "Alta Bicycle Share, Inc"
                ], 
                "longitude": -122.25, 
                "latitude": 37.7141454
            }, 
            "feed_url": "http://bayareabikeshare.com/stations/json", 
            "format": "json"
        }, 
        {
            "tag": "we-cycle",
            "meta": {
                "city": "Aspen, CO",
                "name": "WE-cycle",
                "country": "US",
                "company": [
                    "PBSC",
                    "Alta Bicycle Share, Inc"
                ],
                "longitude": -106.837002,
                "latitude": 39.194951
            },
            "feed_url": "https://www.we-cycle.org/pbsc/stations.php",
            "format": "json"
        }
    ], 
    "system": "bixi", 
    "class": "BixiSystem"
}
