{
    "instances": [
        {
            "tag": "callabike-darmstadt",
            "meta": {
                "latitude": 49.8707135,
                "city": "Darmstadt",
                "name": "Call-A-Bike Darmstadt",
                "longitude": 8.6527299,
                "country": "DE"
            },
            "city_id": 19
        },
        {
            "tag": "konrad",
            "meta": {
                "latitude": 51.3148861,
                "city": "Kassel",
                "name": "Konrad",
                "longitude": 9.4606148,
                "country": "DE"
            },
            "city_id": 34100
        },
        {
            "tag": "callabike-berlin",
            "meta": {
                "latitude": 52.5075419,
                "city": "Berlin",
                "name": "Call-A-Bike Berlin",
                "longitude": 13.4251364,
                "country": "DE"
            },
            "city_id": 2
        },
        {
            "tag": "callabike-frankfurt",
            "meta": {
                "latitude": 50.121212,
                "city": "Frankfurt am Main",
                "name": "Call-A-Bike Frankfurt",
                "longitude": 8.6365638,
                "country": "DE"
            },
            "city_id": 13
        },
        {
            "tag": "callabike-frankfurt-airport",
            "meta": {
                "latitude": 50.037933,
                "city": "Frankfurt am Main Airport",
                "name": "Call-A-Bike Frankfurt Airport",
                "longitude": 8.562152,
                "country": "DE"
            },
            "city_id": 100002
        },
        {
            "tag": "stadtrad",
            "meta": {
                "latitude": 53.558572,
                "city": "Hamburg",
                "name": "StadtRAD Hamburg",
                "longitude": 9.9278215,
                "country": "DE"
            },
            "city_id": 75
        },
        {
            "tag": "callabike-koln",
            "meta": {
                "latitude": 50.9572449,
                "city": "Köln",
                "name": "Call-A-Bike Köln",
                "longitude": 6.9673223,
                "country": "DE"
            },
            "city_id": 33800
        },
        {
            "tag": "callabike-luneburg",
            "meta": {
                "latitude": 53.2390538,
                "city": "Lüneburg",
                "name": "Call-A-Bike Lüneburg",
                "longitude": 10.4226391,
                "country": "DE"
            },
            "city_id": 165
        },
        {
            "tag": "callabike-marburg",
            "meta": {
                "latitude": 50.7983011,
                "city": "Marburg",
                "name": "Call-A-Bike Marburg",
                "longitude": 8.7428139,
                "country": "DE"
            },
            "city_id": 2500
        },
        {
            "tag": "callabike-munchen",
            "meta": {
                "latitude": 48.1549107,
                "city": "München",
                "name": "Call-A-Bike München",
                "longitude": 11.5418357,
                "country": "DE"
            },
            "city_id": 90
        },
        {
            "tag": "callabike-russelsheim",
            "meta": {
                "latitude": 49.9820031,
                "city": "Rüsselsheim",
                "name": "Call-A-Bike Rüsselsheim",
                "longitude": 8.4528392,
                "country": "DE"
            },
            "city_id": 299
        },
        {
            "tag": "callabike-stuttgart",
            "meta": {
                "latitude": 48.779209,
                "city": "Stuttgart",
                "name": "Call-A-Bike Stuttgart",
                "longitude": 9.1772152,
                "country": "DE"
            },
            "city_id": 33900
        },
        {
            "tag": "callabike-wiesbaden",
            "meta": {
                "latitude": 50.0724825,
                "city": "Wiesbaden",
                "name": "Call-A-Bike Wiesbaden",
                "longitude": 8.2483534,
                "country": "DE"
            },
            "city_id": 24
        }
    ],
    "system": "callabike",
    "class": "Callabike"
}
