{
    "instances":[
       {
            "tag":"integrabike",
            "meta":{
                "latitude":-23.5015,
                "city":"Sorocaba",
                "name":"Integrabike",
                "longitude":-47.4526,
                "country":"BR",
                "company":[
                    "Prefeiture de Sorocaba",
                    "Urbes"
                ]
            },
            "feed_url":"https://integrabike.compartibike.com.br/stations.json"
        },
        {
            "tag":"rivibike",
            "meta":{
                "latitude":-22.1124,
                "city":"São Lourenço",
                "name":"RiviBike",
                "longitude":-45.0280,
                "country":"BR",
                "company":[
                    "Associação dos Amigos da Riviera de São Lourenço",
                    "Sobloco"
                ]
            },
            "feed_url":"https://rivibike.compartibike.com.br/stations.json"
        },
        {
            "tag":"dukebike",
            "meta":{
                "latitude":-23.0553,
                "city":"Ipaússu",
                "name":"DukeBike",
                "longitude":-49.6237,
                "country":"BR",
                "company":[
                    "Duke Energy Brasil",
                    "Governo de Ipaussu"
                ]
            },
            "bounding_box": [[-23.065455, -49.644241], [-23.035365, -49.617634]],
            "feed_url":"http://www.dukebike.compartibike.com.br/stations.json"
        }
    ],
    "system":"compartibike",
    "class":"CompartiBike"
}
