{
    "instances": [
        {
            "system_id": 64, 
            "meta": {
                "latitude": 42.392049, 
                "city": "A R\u00faa", 
                "name": "Onroll", 
                "longitude": -7.114634, 
                "country": "ES"
            }, 
            "tag": "onroll-a-rua"
        }, 
        {
            "system_id": 2, 
            "meta": {
                "latitude": 38.989130, 
                "city": "Albacete", 
                "name": "Onroll", 
                "longitude": -1.858485, 
                "country": "ES"
            }, 
            "tag": "onroll-albacete"
        }, 
        {
            "system_id": 37, 
            "meta": {
                "latitude": 37.849831, 
                "city": "Alhama de Murcia", 
                "name": "Onroll", 
                "longitude": -1.424891, 
                "country": "ES"
            }, 
            "tag": "onroll-alhama-de-murcia"
        }, 
        {
            "system_id": 70, 
            "meta": {
                "latitude": 36.735789, 
                "city": "Almu\u00f1\u00e9car", 
                "name": "Onroll", 
                "longitude": -3.688828, 
                "country": "ES"
            }, 
            "tag": "onroll-almunecar"
        }, 
        {
            "system_id": 29, 
            "meta": {
                "latitude": 37.018427, 
                "city": "Antequera", 
                "name": "Onroll", 
                "longitude": -4.563775, 
                "country": "ES"
            }, 
            "tag": "onroll-antequera"
        }, 
        {
            "system_id": 68, 
            "meta": {
                "latitude": 41.667601, 
                "city": "Aranda de Duero", 
                "name": "Onroll", 
                "longitude": -3.689526, 
                "country": "ES"
            }, 
            "tag": "onroll-aranda-de-duero"
        }, 
        {
            "system_id": 48, 
            "meta": {
                "latitude": 40.030970, 
                "city": "Aranjuez", 
                "name": "Onroll", 
                "longitude": -3.605742, 
                "country": "ES"
            }, 
            "tag": "onroll-aranjuez"
        }, 
        {
            "system_id": 49, 
            "meta": {
                "latitude": 38.873627, 
                "city": "Badajoz", 
                "name": "Onroll", 
                "longitude": -6.994510, 
                "country": "ES"
            }, 
            "tag": "onroll-badajoz"
        }, 
        {
            "system_id": 25, 
            "meta": {
                "latitude": 37.995370, 
                "city": "Baeza", 
                "name": "Onroll", 
                "longitude": -3.468248, 
                "country": "ES"
            }, 
            "tag": "onroll-baeza"
        }, 
        {
            "system_id": 39, 
            "meta": {
                "latitude": 38.541251, 
                "city": "Benidorm", 
                "name": "Onroll", 
                "longitude": -0.126808, 
                "country": "ES"
            }, 
            "tag": "onroll-benidorm"
        }, 
        {
            "system_id": 59, 
            "meta": {
                "latitude": 38.178195, 
                "city": "Blanca", 
                "name": "Onroll", 
                "longitude": -1.372402, 
                "country": "ES"
            }, 
            "tag": "onroll-blanca"
        }, 
        {
            "system_id": 61, 
            "meta": {
                "latitude": 38.239139, 
                "city": "Cieza", 
                "name": "Onroll", 
                "longitude": -1.417262, 
                "country": "ES"
            }, 
            "tag": "onroll-cieza"
        }, 
        {
            "system_id": 53, 
            "meta": {
                "latitude": 38.964699, 
                "city": "Don Benito - Villanueva", 
                "name": "Onroll", 
                "longitude": -5.829693, 
                "country": "ES"
            }, 
            "tag": "onroll-don-benito-villanueva"
        }, 
        {
            "system_id": 41, 
            "meta": {
                "latitude": 38.419616, 
                "city": "El Campello", 
                "name": "Onroll", 
                "longitude": -0.398388, 
                "country": "ES"
            }, 
            "tag": "onroll-el-campello"
        }, 
        {
            "system_id": 57, 
            "meta": {
                "latitude": 38.266800, 
                "city": "Elche", 
                "name": "Onroll", 
                "longitude": -0.696217, 
                "country": "ES"
            }, 
            "tag": "onroll-elche"
        }, 
        {
            "system_id": 43, 
            "meta": {
                "latitude": 40.633021, 
                "city": "Guadalajara", 
                "name": "Onroll", 
                "longitude": -3.166097, 
                "country": "ES"
            }, 
            "tag": "onroll-guadalajara"
        }, 
        {
            "system_id": 26, 
            "meta": {
                "latitude": 37.777738, 
                "city": "Ja\u00e9n", 
                "name": "Onroll", 
                "longitude": -3.790758, 
                "country": "ES"
            }, 
            "tag": "onroll-jaen"
        }, 
        {
            "system_id": 62, 
            "meta": {
                "latitude": 42.658626, 
                "city": "Lal\u00edn", 
                "name": "Onroll", 
                "longitude": -8.114976, 
                "country": "ES"
            }, 
            "tag": "onroll-lalin"
        }, 
        {
            "system_id": 69, 
            "meta": {
                "latitude": 28.124302, 
                "city": "Las Palmas de Gran Canaria", 
                "name": "Onroll", 
                "longitude": -15.425994, 
                "country": "ES"
            }, 
            "tag": "onroll-las-palmas"
        }, 
        {
            "system_id": 28, 
            "meta": {
                "latitude": 37.584151, 
                "city": "Montilla", 
                "name": "Onroll", 
                "longitude": -4.641359, 
                "country": "ES"
            }, 
            "tag": "onroll-montilla"
        }, 
        {
            "system_id": 56, 
            "meta": {
                "latitude": 38.040805, 
                "city": "Mula", 
                "name": "Onroll", 
                "longitude": -1.497451, 
                "country": "ES"
            }, 
            "tag": "onroll-mula"
        }, 
        {
            "system_id": 50, 
            "meta": {
                "latitude": 38.386447, 
                "city": "Novelda", 
                "name": "Onroll", 
                "longitude": -0.767134, 
                "country": "ES"
            }, 
            "tag": "onroll-novelda"
        }, 
        {
            "system_id": 67, 
            "meta": {
                "latitude": 42.413993, 
                "city": "O Barco", 
                "name": "Onroll", 
                "longitude": -6.982913, 
                "country": "ES"
            }, 
            "tag": "onroll-o-barco"
        }, 
        {
            "system_id": 47, 
            "meta": {
                "latitude": 39.427609, 
                "city": "Paiporta", 
                "name": "Onroll", 
                "longitude": -0.416876, 
                "country": "ES"
            }, 
            "tag": "onroll-paiporta"
        }, 
        {
            "system_id": 7, 
            "meta": {
                "latitude": 42.005639, 
                "city": "Palencia", 
                "name": "Onroll", 
                "longitude": -4.527022, 
                "country": "ES"
            }, 
            "tag": "onroll-palencia"
        }, 
        {
            "system_id": 66, 
            "meta": {
                "latitude": 40.245741, 
                "city": "Pinto", 
                "name": "Onroll", 
                "longitude": -3.698611, 
                "country": "ES"
            }, 
            "tag": "onroll-pinto"
        }, 
        {
            "system_id": 27, 
            "meta": {
                "latitude": 37.440517, 
                "city": "Priego de C\u00f3rdoba", 
                "name": "Onroll", 
                "longitude": -4.201188, 
                "country": "ES"
            }, 
            "tag": "onroll-priego-de-cordoba"
        }, 
        {
            "system_id": 60, 
            "meta": {
                "latitude": 37.556652, 
                "city": "Puerto Lumbreras", 
                "name": "Onroll", 
                "longitude": -1.811508, 
                "country": "ES"
            }, 
            "tag": "onroll-puerto-lumbreras"
        }, 
        {
            "system_id": 1, 
            "meta": {
                "latitude": 38.691396, 
                "city": "Puertollano", 
                "name": "Onroll", 
                "longitude": -4.107794, 
                "country": "ES"
            }, 
            "tag": "onroll-puertollano"
        }, 
        {
            "system_id": 44, 
            "meta": {
                "latitude": 42.299964, 
                "city": "Redondela", 
                "name": "Onroll", 
                "longitude": -8.615428, 
                "country": "ES"
            }, 
            "tag": "onroll-redondela"
        }, 
        {
            "system_id": 65, 
            "meta": {
                "latitude": 40.966771, 
                "city": "Salamanca", 
                "name": "Onroll", 
                "longitude": -5.665432, 
                "country": "ES"
            }, 
            "tag": "onroll-salamanca"
        }, 
        {
            "system_id": 38, 
            "meta": {
                "latitude": 37.783704, 
                "city": "San Javier", 
                "name": "Onroll", 
                "longitude": -0.808097, 
                "country": "ES"
            }, 
            "tag": "onroll-san-javier"
        }, 
        {
            "system_id": 20, 
            "meta": {
                "latitude": 37.827578, 
                "city": "San Pedro del Pinatar", 
                "name": "Onroll", 
                "longitude": -0.783944, 
                "country": "ES"
            }, 
            "tag": "onroll-san-pedro"
        }, 
        {
            "system_id": 45, 
            "meta": {
                "latitude": 38.399839, 
                "city": "Sant Joan d'Alacant", 
                "name": "Onroll", 
                "longitude": -0.434522, 
                "country": "ES"
            }, 
            "tag": "onroll-sant-joan"
        }, 
        {
            "system_id": 5, 
            "meta": {
                "latitude": 40.941941, 
                "city": "Segovia", 
                "name": "Onroll", 
                "longitude": -4.112397, 
                "country": "ES"
            }, 
            "tag": "onroll-segovia"
        }, 
        {
            "system_id": 46, 
            "meta": {
                "latitude": 41.763653, 
                "city": "Soria", 
                "name": "Onroll", 
                "longitude": -2.467069, 
                "country": "ES"
            }, 
            "tag": "onroll-soria"
        }, 
        {
            "system_id": 4, 
            "meta": {
                "latitude": 39.961829, 
                "city": "Talavera de la Reina", 
                "name": "Onroll", 
                "longitude": -4.830319, 
                "country": "ES"
            }, 
            "tag": "onroll-talavera"
        }, 
        {
            "system_id": 24, 
            "meta": {
                "latitude": 38.011463, 
                "city": "\u00dabeda", 
                "name": "Onroll", 
                "longitude": -3.373276, 
                "country": "ES"
            }, 
            "tag": "onroll-ubeda"
        }, 
        {
            "system_id": 30, 
            "meta": {
                "latitude": 37.182438, 
                "city": "Universidad de Granada, Granada", 
                "name": "Onroll", 
                "longitude": -3.604219, 
                "country": "ES"
            }, 
            "tag": "onroll-universidad-de-granada"
        }, 
        {
            "system_id": 63, 
            "meta": {
                "latitude": 42.768127, 
                "city": "Noia - Portosin - Porto do Son", 
                "name": "Onroll Via Verde", 
                "longitude": -8.908513, 
                "country": "ES"
            }, 
            "tag": "onroll-via-verde"
        }, 
        {
            "system_id": 6, 
            "meta": {
                "latitude": 42.642358, 
                "city": "Villaquilambre", 
                "name": "Onroll", 
                "longitude": -5.535311, 
                "country": "ES"
            }, 
            "tag": "onroll-villaquilambre"
        }, 
        {
            "system_id": 51, 
            "meta": {
                "latitude": 40.468258, 
                "city": "Vinar\u00f2s", 
                "name": "Onroll", 
                "longitude": 0.466972, 
                "country": "ES"
            }, 
            "tag": "onroll-vinaros"
        }
    ], 
    "system": "domoblue", 
    "class": "Domoblue"
}
