{
    "system": "gobike",
    "class": {
        "GoBike": {
            "instances":[
                {
                    "tag":"bysykkelen",
                    "meta":{
                        "latitude":58.969975,
                        "country":"NO",
                        "name":"Bysykkelen",
                        "longitude":5.733107,
                        "city":"Stavanger"
                    },
                    "hostname":"http://bysykkelen.no",
                    "availability_path": "/no/konto/booking/book-sykkel/"
                },
                {
                    "tag":"nu-connect",
                    "meta":{
                        "latitude":52.117,
                        "country":"NL",
                        "name":"Nu-Connect",
                        "longitude":5.067,
                        "city":"Utrecht"
                    },
                    "hostname":"http://nu-connectutrecht.nl",
                    "availability_path": "/en/account/my-reservations/book-e-bike-via-website/"
                }
            ]
        },
        "GoBikeXML": {
            "instances": [
                {
                    "tag":"bycyklen",
                    "meta":{
                        "latitude":55.673582,
                        "country":"DK",
                        "name":"Bycyklen",
                        "longitude":12.564984,
                        "city":"Copenhagen"
                    },
                    "feed_url": "http://my.bycyklen.dk/da/reservations/dockingstationsinfoxml"
                }
            ]
        }
    }
}
