{
    "system": "keolis", 
    "class": {
        "Keolis_v2": {
            "instances": [
                {
                    "tag": "vlille", 
                    "meta": {
                        "latitude": 50.62925, 
                        "city": "Lille", 
                        "name": "V'lille", 
                        "longitude": 3.057256, 
                        "country": "FR"
                    }, 
                    "feed_url": "http://www.vlille.fr"
                }
            ]
        }, 
        "Keolis": {
            "instances": [
                {
                    "tag": "idecycle", 
                    "meta": {
                        "latitude": 43.2951, 
                        "country": "FR", 
                        "name": "IDECycle", 
                        "longitude": -0.370797, 
                        "city": "Pau",
                        "company": ["Keolis", "STAP"]
                    }, 
                    "feed_url": "http://www.idecycle.com/stations/plan"
                }
            ]
        }
    }
}
