{
    "instances":[
        {
            "tag":"bicialtea",
            "meta":{
                "latitude":38.6029075,
                "country":"ES",
                "name":"Bicialtea",
                "longitude":-0.0450666,
                "city":"Altea"
            },
            "city_code":"AL"
        },
        {
            "tag":"bicidorm",
            "meta":{
                "latitude":38.5410566,
                "country":"ES",
                "name":"Bicidorm",
                "longitude":-0.1224937,
                "city":"Benidorm"
            },
            "city_code":"BE"
        },
        {
            "tag":"saforbici",
            "meta":{
                "latitude":38.968032,
                "country":"ES",
                "name":"SaforBici",
                "longitude":-0.1844671,
                "city":"Gand\u00eda"
            },
            "city_code":"GA"
        },
        {
            "tag":"gbici",
            "meta":{
                "latitude":40.3082504,
                "country":"ES",
                "name":"Gbici",
                "longitude":-3.7323934,
                "city":"Getafe"
            },
            "city_code":"GE"
        },
        {
            "tag":"muybici",
            "meta":{
                "latitude":37.9922399,
                "country":"ES",
                "name":"MuyBici",
                "longitude":-1.1306544,
                "city":"Murcia"
            },
            "city_code":"MU"
        },
        {
            "tag":"ponfemobi",
            "meta":{
                "latitude":42.5499958,
                "country":"ES",
                "name":"PonfeMobi",
                "longitude":-6.598259000000001,
                "city":"Ponferrada"
            },
            "city_code":"PO"
        },
        {
            "tag":"vaibike",
            "meta":{
                "latitude":42.5999265,
                "country":"ES",
                "name":"VaiBike",
                "longitude":-8.7885744,
                "city":"Vilagarcía de Arousa"
            },
            "city_code":"VI"
        }
    ],
    "system":"labici",
    "class":"LaBici"
}
