{
    "instances": [
        {
            "tag": "mvgmeinrad",
            "meta": {
                "city": "Mainz",
                "name": "MVGmeinrad",
                "country": "DE",
                "longitude": 8.247253,
                "latitude": 49.992862
            },
            "feed_url": "http://www.mvg-mainz.de/mainzigartig-mobil/mit-mvgmeinrad/stationen.html?type=1296727024&tx_mvgmeinrad_mvgmeinradstationen[action]=getStationsAjax"
        }
    ],
    "system": "mvgmeinrad",
    "class": "Mvgmeinrad"
}
