{
    "instances":[
        {
            "tag": "bicicorunha",
            "meta": {
                "name": "Bicicoruña",
                "city": "A Coruña",
                "latitude": 43.3623,
                "longitude": -8.4115,
                "country": "ES"
            },
            "url": "http://bicicoruna.es"
        },
        {
            "tag": "bici-ferrol-terra",
            "meta": {
                "name": "BiciFerrolTerra",
                "city": "Ferrol - Narón",
                "latitude": 43.4896,
                "longitude": -8.2193,
                "country": "ES"
            },
            "url": "http://www.biciferrolterra.com"
        }
    ],
    "system":"nextgal",
    "class":"Nextgal"
}
