{
    "instances": [
        {
            "tag": "punpunbikeshare",
            "meta": {
                "city": "Bangkok",
                "name": "Pun Pun Bike Share",
                "country": "TH",
                "longitude": 100.516667,
                "latitude": 13.75
            },
            "feed_url": "http://pcc.punpunbikeshare.com/index.php?r=api2/listStations&token=1111&key=3e5cc0883cf7134b6b3ea7157d2cb4ef"
        }
    ],
    "system": "punpunbikeshare",
    "class": "Punpunbikeshare"
}
