{
    "system": "samba",
    "class": {
        "Samba": {
            "instances":[
                {
                    "url":"http://www.movesamba.com.br/bikesampa/mapaestacao.asp",
                    "tag":"bikesampa",
                    "meta":{
                        "latitude":-23.55,
                        "city":"S\u00e3o Paulo",
                        "name":"BikeSampa",
                        "longitude":-46.6333,
                        "country":"BR"
                    }
                },
                {
                    "url":"http://ww2.mobilicidade.com.br/sambarjpt/mapaestacao.asp",
                    "tag":"bikerio",
                    "meta":{
                        "latitude":-22.904315,
                        "city":"Rio de Janeiro",
                        "name":"BikeRio",
                        "longitude":-43.184776,
                        "country":"BR"
                    }
                },
                {
                    "url":"http://www.movesamba.com.br/bikebh/mapaestacao.asp",
                    "tag":"bikebh",
                    "meta":{
                        "latitude":-19.920793,
                        "city":"Belo Horizonte",
                        "name":"BikeBH",
                        "longitude":-43.922165,
                        "country":"BR"
                    }
                },
                {
                    "url":"http://www.movesamba.com.br/bikesantos/mapaestacao.asp",
                    "tag":"bikesantos",
                    "meta":{
                        "latitude":-23.954052,
                        "city":"Santos",
                        "name":"BikeSantos",
                        "longitude":-46.333345,
                        "country":"BR"
                    }
                },
                {
                    "url":"http://ww2.mobilicidade.com.br/petrobike/mapaestacao.asp",
                    "tag":"bikepetrolina",
                    "meta":{
                        "latitude":-9.389049,
                        "city":"Petrolina",
                        "name":"BikePetrolina",
                        "longitude":-40.502751,
                        "country":"BR"
                    }
                },
                {
                    "url":"http://ww2.mobilicidade.com.br/bikepe/mapaestacao.asp",
                    "tag":"bikerecife",
                    "meta":{
                        "latitude":-8.047129,
                        "city":"Recife",
                        "name":"BikeRecife",
                        "longitude":-34.873437,
                        "country":"BR"
                    }
                },
                {
                    "url":"http://ww2.mobilicidade.com.br/bikesalvador/mapaestacao.asp",
                    "tag":"bikesalvador",
                    "meta":{
                        "latitude":-12.973959,
                        "city":"Salvador",
                        "name":"BikeSalvador",
                        "longitude":-38.508171,
                        "country":"BR"
                    }
                },
                {
                    "url":"http://ww2.mobilicidade.com.br/bikebrasilia/mapaestacao.asp",
                    "tag":"bikebrasilia",
                    "meta":{
                        "latitude":-15.795115,
                        "city":"Bras\u00edlia",
                        "name":"BikeBrasilia",
                        "longitude":-47.887424,
                        "country":"BR"
                    }
                },
                {
                    "url":"http://www.movesamba.com.br/bikepoa/mapaestacao.asp",
                    "tag":"bikepoa",
                    "meta":{
                        "latitude":-30.033079,
                        "city":"Porto Alegre",
                        "name":"BikePOA",
                        "longitude":-51.23654,
                        "country":"BR"
                    }
                }
            ]
        },
        "SambaNew": {
            "instances": [
                {
                    "url":"http://www.bicicletar.com.br/mapaestacao.aspx",
                    "tag":"bicicletar",
                    "meta":{
                        "latitude":-3.7321944,
                        "city":"Fortaleza",
                        "name":"Bicicletar",
                        "longitude":-38.510347,
                        "country":"BR"
                    }
                },
                {
                    "url":"http://www.cajubike.com/mapaestacao.aspx",
                    "tag":"cajubike",
                    "meta":{
                        "latitude":-10.987263,
                        "city":"Aracajú",
                        "name":"CajuBike",
                        "longitude":-37.051898,
                        "country":"BR"
                    }
                }
            ]
        },
        "SambaArgentina": {
            "instances": [
                {
                    "url":"http://www.mibicitubici.gob.ar/estacione.aspx",
                    "tag":"mibicitubici",
                    "meta": {
                        "city": "Rosario",
                        "name": "Mi bici tu bici",
                        "country": "AR",
                        "longitude": -60.65,
                        "latitude": -32.95,
                        "company": ["Mobilicidade Tecnologia LTD", "Municipalidad de Rosario"]
                    }
                }
            ]
        }
    }
}
