{
    "system": "smartbike", 
    "class": {
        "SmartShitty": {
            "instances": [
                {
                    "tag": "bikemi", 
                    "meta": {
                        "latitude": 45.4654542, 
                        "city": "Milano", 
                        "name": "BikeMi", 
                        "longitude": 9.186516, 
                        "country": "IT"
                    }, 
                    "feed_url": "https://www.bikemi.com/en/stations-map.aspx"
                }
            ]
        }, 
        "SmartBike": {
            "instances": [
                {
                    "tag": "bizi", 
                    "meta": {
                        "latitude": 41.6487908, 
                        "city": "Zaragoza", 
                        "name": "Bizi", 
                        "longitude": -0.8895811, 
                        "country": "ES"
                    }, 
                    "feed_url": "https://www.bizizaragoza.com/es/formmap/getJsonObject", 
                    "format": "json"
                }, 
                {
                    "tag": "bicing", 
                    "meta": {
                        "latitude": 41.3850639, 
                        "city": "Barcelona", 
                        "name": "Bicing", 
                        "longitude": 2.1734035, 
                        "country": "ES"
                    }, 
                    "feed_url": "https://www.bicing.cat/availability_map/getJsonObject",
                    "format": "json_v2"
                }, 
                {
                    "tag": "ecobici", 
                    "meta": {
                        "latitude": 19.4326077, 
                        "city": "Cd de M\u00e9xico", 
                        "name": "EcoBici", 
                        "longitude": -99.133208, 
                        "country": "MX"
                    }, 
                    "feed_url": "https://www.ecobici.cdmx.gob.mx/availability_map/getJsonObject",
                    "format": "json_v2"
                },
                {
                    "tag": "velo-antwerpen",
                    "meta": {
                        "latitude": 51.216667,
                        "city": "Antwerpen",
                        "name": "Velo Antwerpen",
                        "longitude": 4.4,
                        "country": "BE"
                    },
                    "feed_url": "https://www.velo-antwerpen.be/availability_map/getJsonObject",
                    "format": "json_v2"
                },
                {
                    "tag": "malmobybike",
                    "meta": {
                        "latitude": 55.6050,
                        "city": "Malm\u00f6",
                        "name": "Malm\u00f6 by bike",
                        "longitude": 13.0038,
                        "country": "SE"
                    },
                    "feed_url": "https://www.malmobybike.se/availability_map/getJsonObject",
                    "format": "json_v2"
                }
            ]
        }
    }
}
